VEHICLE,DATABASE ENTRY,HASH ID
Base Game,,
Aston Martin One-77 - Signature Edition,ast_one_77_10_pp_rival_1,27 55 4E A2
Aston Martin One-77 ,ast_one_77_10_pp_stock_1,1D ED 2C 8C
Aston Martin One-77 ,ast_one_77_10_pp_stock_2,6C 6B 1C 63
Aston Martin One-77 ,ast_one_77_10_pp_stock_3,62 50 A4 0D
Aston Martin One-77 ,ast_one_77_10_pp_stock_4,85 D9 11 75
Aston Martin One-77,ast_one_77_10_pp_stock_5,14 B6 BF 8B
Aston Martin One-77,ast_one_77_10_pp_stock_6,F2 CF 15 7F
Aston Martin One-77,ast_one_77_10_pp_stock_7,9A E6 E2 55
Aston Martin One-77 ,ast_one_77_10_pp_stock_8,C2 FF C4 20
Aston Martin One-77 - Style Pack 1,ast_one_77_10_pp1v1,8A F8 92 24
Aston Martin One-77 - Style Pack 1,ast_one_77_10_pp1v2,B9 A0 75 30
Aston Martin One-77 - Style Pack 1,ast_one_77_10_pp1v3,0E AB D1 CB
Aston Martin One-77 - Style Pack 1,ast_one_77_10_pp1v4,BE EC B2 92
Aston Martin One-77 - Style Pack 1,ast_one_77_10_pp1v5,D4 38 22 45
Aston Martin One-77 - Style Pack 1,ast_one_77_10_pp1v6,44 49 24 6B
Aston Martin One-77 - Style Pack 1,ast_one_77_10_pp1v7,21 FC 99 9A
Aston Martin One-77 - Style Pack 1,ast_one_77_10_pp1v8,B6 F2 3F E1
Aston Martin One-77 - Aero Pack,ast_one_77_10_pp2v1,38 60 CE A7
Aston Martin One-77 - Aero Pack,ast_one_77_10_pp2v2,9C 2B 1A 5F
Aston Martin One-77 - Aero Pack,ast_one_77_10_pp2v3,07 ED 4E A3
Aston Martin One-77 - Aero Pack,ast_one_77_10_pp2v4,3E F6 00 DD
Aston Martin One-77 - Aero Pack,ast_one_77_10_pp2v5,AB 16 91 2E
Aston Martin One-77 - Aero Pack,ast_one_77_10_pp2v6,2D 7E 2E 20
Aston Martin One-77 - Aero Pack,ast_one_77_10_pp2v7,34 5E 7B DA
Aston Martin One-77 - Aero Pack,ast_one_77_10_pp2v8,9E 52 EF 13
Aston Martin V12 Vantage,ast_van_v12_10_pp_stock_1,3E 3E 59 AA
Aston Martin V12 Vantage,ast_van_v12_10_pp_stock_2,A0 9D F4 3E
Aston Martin V12 Vantage,ast_van_v12_10_pp_stock_3,10 6B 3F 30
Aston Martin V12 Vantage,ast_van_v12_10_pp_stock_4,F3 27 D8 E1
Aston Martin V12 Vantage,ast_van_v12_10_pp_stock_5,BA 49 97 2C
Aston Martin V12 Vantage,ast_van_v12_10_pp_stock_6,9F B0 93 FC
Aston Martin V12 Vantage,ast_van_v12_10_pp_stock_7,BB 89 35 D9
Aston Martin V12 Vantage,ast_van_v12_10_pp_stock_8,10 7D 35 C6
Aston Martin V12 Vantage - Style Pack 1,ast_van_v12_10_pp1v1,8A 4B 1B 48
Aston Martin V12 Vantage - Style Pack 1,ast_van_v12_10_pp1v2,79 1C 50 09
Aston Martin V12 Vantage - Style Pack 1,ast_van_v12_10_pp1v3,BB B9 86 B0
Aston Martin V12 Vantage - Style Pack 1,ast_van_v12_10_pp1v4,0F 51 B5 24
Aston Martin V12 Vantage - Style Pack 1,ast_van_v12_10_pp1v5,6E 4B 31 D2
Aston Martin V12 Vantage - Style Pack 1,ast_van_v12_10_pp1v6,F3 B1 AC 73
Aston Martin V12 Vantage - Style Pack 1,ast_van_v12_10_pp1v7,B4 CE B3 71
Aston Martin V12 Vantage - Style Pack 1,ast_van_v12_10_pp1v8,7A 3B ED 1C
Aston Martin V12 Vantage - Racer Pack,ast_van_v12_10_pp2v1,07 85 F1 9D
Aston Martin V12 Vantage - Racer Pack,ast_van_v12_10_pp2v2,32 6D 5B A3
Aston Martin V12 Vantage - Racer Pack,ast_van_v12_10_pp2v3,B5 4F 5C C1
Aston Martin V12 Vantage - Racer Pack,ast_van_v12_10_pp2v4,C5 BB 52 13
Aston Martin V12 Vantage - Racer Pack,ast_van_v12_10_pp2v5,F2 CC E5 B6
Aston Martin V12 Vantage - Racer Pack,ast_van_v12_10_pp2v6,47 F6 57 97
Aston Martin V12 Vantage - Racer Pack,ast_van_v12_10_pp2v7,8F 30 52 40
Aston Martin V12 Vantage - Racer Pack,ast_van_v12_10_pp2v8,98 90 A3 ED
Audi R8 V10 5.2 FSI quattro - NFS Edition,aud_r8_v10_10_nfs_e,CE D5 A7 B6
Audi R8 V10 5.2 FSI quattro - NFS Edition,aud_r8_v10_10_pp_run,0D 36 44 40
Audi R8 V10 5.2 FSI quattro,aud_r8_v10_10_pp_stock_1,81 ED 93 0D
Audi R8 V10 5.2 FSI quattro,aud_r8_v10_10_pp_stock_2,07 DE E6 42
Audi R8 V10 5.2 FSI quattro,aud_r8_v10_10_pp_stock_3,6A FA 11 B9
Audi R8 V10 5.2 FSI quattro,aud_r8_v10_10_pp_stock_4,AB FF 3B FF
Audi R8 V10 5.2 FSI quattro,aud_r8_v10_10_pp_stock_5,D9 0B 6F D4
Audi R8 V10 5.2 FSI quattro,aud_r8_v10_10_pp_stock_6,E9 2B 2D B3
Audi R8 V10 5.2 FSI quattro,aud_r8_v10_10_pp_stock_7,29 89 AE E7
Audi R8 V10 5.2 FSI quattro,aud_r8_v10_10_pp_stock_8,82 04 4F 60
Audi R8 V10 5.2 FSI quattro - Style Pack 1,aud_r8_v10_10_pp1v1,E5 A9 F2 BB
Audi R8 V10 5.2 FSI quattro - Style Pack 1,aud_r8_v10_10_pp1v2,A4 70 82 89
Audi R8 V10 5.2 FSI quattro - Style Pack 1,aud_r8_v10_10_pp1v3,24 C1 C5 1D
Audi R8 V10 5.2 FSI quattro - Style Pack 1,aud_r8_v10_10_pp1v4,0F 3D D9 7A
Audi R8 V10 5.2 FSI quattro - Style Pack 1,aud_r8_v10_10_pp1v5,D8 34 0A 81
Audi R8 V10 5.2 FSI quattro - Style Pack 1,aud_r8_v10_10_pp1v6,23 05 23 8C
Audi R8 V10 5.2 FSI quattro - Style Pack 1,aud_r8_v10_10_pp1v7,DB 8F 3C DB
Audi R8 V10 5.2 FSI quattro - Style Pack 1,aud_r8_v10_10_pp1v8,56 A0 E8 B0
Audi R8 V10 5.2 FSI quattro - Racer Pack,aud_r8_v10_10_pp2v1,C1 94 EE EA
Audi R8 V10 5.2 FSI quattro - Racer Pack,aud_r8_v10_10_pp2v2,C6 8B 67 38
Audi R8 V10 5.2 FSI quattro - Racer Pack,aud_r8_v10_10_pp2v3,5E AC D9 B8
Audi R8 V10 5.2 FSI quattro - Racer Pack,aud_r8_v10_10_pp2v4,A1 C9 93 66
Audi R8 V10 5.2 FSI quattro - Racer Pack,aud_r8_v10_10_pp2v5,71 BF B9 CD
Audi R8 V10 5.2 FSI quattro - Racer Pack,aud_r8_v10_10_pp2v6,C9 85 6D C0
Audi R8 V10 5.2 FSI quattro - Racer Pack,aud_r8_v10_10_pp2v7,90 79 DF 51
Audi R8 V10 5.2 FSI quattro - Racer Pack,aud_r8_v10_10_pp2v8,0F 8C A0 5D
Audi R8 V10 5.2 FSI quattro - Signature Edition,aud_r8_v10_10_presale_1,90 0D 65 44
Audi RS4 - NFS Edition,aud_rs4_stk_08_nfs_e,54 BD C2 19
Audi RS4,aud_rs4_stk_08_pp_stock_1,CC DC E0 48
Audi Quattro 20V - NFS Edition,aud_ur_qua_91_pp_run,A2 CC 04 1C
Audi Quattro 20V,aud_ur_qua_91_pp_stock_1,5B 94 2C 95
Audi Quattro 20V,aud_ur_qua_91_pp_stock_2,0D 97 2F B7
Audi Quattro 20V,aud_ur_qua_91_pp_stock_3,F9 82 91 08
Audi Quattro 20V,aud_ur_qua_91_pp_stock_4,99 F3 DC FB
Audi Quattro 20V,aud_ur_qua_91_pp_stock_5,CE 9F E4 2E
Audi Quattro 20V,aud_ur_qua_91_pp_stock_6,FB 64 18 3A
Audi Quattro 20V,aud_ur_qua_91_pp_stock_7,E0 DF D8 3F
Audi Quattro 20V,aud_ur_qua_91_pp_stock_8,8D 9F C4 5E
Audi Quattro 20V - Style Pack 1,aud_ur_qua_91_pp1v1,47 DD 75 CC
Audi Quattro 20V - Style Pack 1,aud_ur_qua_91_pp1v2,FA 92 50 1F
Audi Quattro 20V - Style Pack 1,aud_ur_qua_91_pp1v3,C5 38 5A 90
Audi Quattro 20V - Style Pack 1,aud_ur_qua_91_pp1v4,02 F3 EC D8
Audi Quattro 20V - Style Pack 1,aud_ur_qua_91_pp1v5,DF E7 04 CD
Audi Quattro 20V - Style Pack 1,aud_ur_qua_91_pp1v6,06 78 AE 55
Audi Quattro 20V - Style Pack 1,aud_ur_qua_91_pp1v7,E4 90 88 83
Audi Quattro 20V - Style Pack 1,aud_ur_qua_91_pp1v8,AD 27 ED 13
Audi Quattro 20V - Rally Pack,aud_ur_qua_91_pp2v1,84 10 16 68
Audi Quattro 20V - Rally Pack,aud_ur_qua_91_pp2v2,D1 22 19 71
Audi Quattro 20V - Rally Pack,aud_ur_qua_91_pp2v3,38 7D 7C 55
Audi Quattro 20V - Rally Pack,aud_ur_qua_91_pp2v4,29 BF A9 AE
Audi Quattro 20V - Rally Pack,aud_ur_qua_91_pp2v5,13 8E 04 D0
Audi Quattro 20V - Rally Pack,aud_ur_qua_91_pp2v6,23 4B 9B E9
Audi Quattro 20V - Rally Pack,aud_ur_qua_91_pp2v7,A7 8D 13 DA
Audi Quattro 20V - Rally Pack,aud_ur_qua_91_pp2v8,DD BA A8 48
BMW 1 Series M Coupé - NFS Edition,bmw_1m_cou_11_nfs_e,94 0D 0B 3A
BMW 1 Series M Coupé - Signature Edition,bmw_1m_cou_11_pp_rare_1,01 2E 4B 64
BMW 1 Series M Coupé,bmw_1m_cou_11_pp_stock_1,D1 A3 C1 5E
BMW 1 Series M Coupé,bmw_1m_cou_11_pp_stock_2,42 99 72 9E
BMW 1 Series M Coupé,bmw_1m_cou_11_pp_stock_3,F5 4D 2E 76
BMW 1 Series M Coupé,bmw_1m_cou_11_pp_stock_4,4C 09 7C B1
BMW 1 Series M Coupé,bmw_1m_cou_11_pp_stock_5,CE A8 21 8C
BMW 1 Series M Coupé,bmw_1m_cou_11_pp_stock_6,BE 54 90 14
BMW 1 Series M Coupé,bmw_1m_cou_11_pp_stock_7,24 60 AA CB
BMW 1 Series M Coupé,bmw_1m_cou_11_pp_stock_8,E3 74 BC 1B
BMW 1 Series M Coupé - Style Pack 1,bmw_1m_cou_11_pp1v1,9E 60 30 EB
BMW 1 Series M Coupé - Style Pack 1,bmw_1m_cou_11_pp1v2,13 AF 5B 8A
BMW 1 Series M Coupé - Style Pack 1,bmw_1m_cou_11_pp1v3,46 EC 71 FA
BMW 1 Series M Coupé - Style Pack 1,bmw_1m_cou_11_pp1v4,76 04 BD A4
BMW 1 Series M Coupé - Style Pack 1,bmw_1m_cou_11_pp1v5,86 95 D6 57
BMW 1 Series M Coupé - Style Pack 1,bmw_1m_cou_11_pp1v6,5B D7 E1 AD
BMW 1 Series M Coupé - Style Pack 1,bmw_1m_cou_11_pp1v7,F0 8E 18 D2
BMW 1 Series M Coupé - Style Pack 1,bmw_1m_cou_11_pp1v8,E8 D8 3E ED
BMW 1 Series M Coupé - Style Pack 2,bmw_1m_cou_11_pp2v1,CF A1 75 B1
BMW 1 Series M Coupé - Style Pack 2,bmw_1m_cou_11_pp2v2,1C C4 ED DA
BMW 1 Series M Coupé - Style Pack 2,bmw_1m_cou_11_pp2v3,52 78 B9 36
BMW 1 Series M Coupé - Style Pack 2,bmw_1m_cou_11_pp2v4,9A F8 7B 90
BMW 1 Series M Coupé - Style Pack 2,bmw_1m_cou_11_pp2v5,D2 AC 9F 16
BMW 1 Series M Coupé - Style Pack 2,bmw_1m_cou_11_pp2v6,02 B1 BB BE
BMW 1 Series M Coupé - Style Pack 2,bmw_1m_cou_11_pp2v7,A3 00 45 68
BMW 1 Series M Coupé - Style Pack 2,bmw_1m_cou_11_pp2v8,02 D1 A2 21
BMW 1 Series M Coupé - Aero Pack,bmw_1m_cou_11_pp3v1,BF 37 06 7B
BMW 1 Series M Coupé - Aero Pack,bmw_1m_cou_11_pp3v2,05 BE 4B FE
BMW 1 Series M Coupé - Aero Pack,bmw_1m_cou_11_pp3v3,51 1E A8 A4
BMW 1 Series M Coupé - Aero Pack,bmw_1m_cou_11_pp3v4,27 7C 49 73
BMW 1 Series M Coupé - Aero Pack,bmw_1m_cou_11_pp3v5,0C 86 E1 82
BMW 1 Series M Coupé - Aero Pack,bmw_1m_cou_11_pp3v6,48 E0 90 EB
BMW 1 Series M Coupé - Aero Pack,bmw_1m_cou_11_pp3v7,B9 E6 06 66
BMW 1 Series M Coupé - Aero Pack,bmw_1m_cou_11_pp3v8,A3 B8 6A 2F
BMW M3 Sport Evolution - NFS Edition,bmw_m3_e30_90_nfs_e,F9 65 88 08
BMW M3 Sport Evolution - Signature Edition,bmw_m3_e30_90_pp_rare_1,C8 D0 4E 8A
BMW M3 Sport Evolution,bmw_m3_e30_90_pp_stock_1,4B 68 80 66
BMW M3 Sport Evolution,bmw_m3_e30_90_pp_stock_2,19 75 F8 FE
BMW M3 Sport Evolution,bmw_m3_e30_90_pp_stock_3,25 54 A9 01
BMW M3 Sport Evolution,bmw_m3_e30_90_pp_stock_4,3B 04 1B F3
BMW M3 Sport Evolution,bmw_m3_e30_90_pp_stock_5,4E 8A D5 B0
BMW M3 Sport Evolution,bmw_m3_e30_90_pp_stock_6,FD E9 88 E3
BMW M3 Sport Evolution,bmw_m3_e30_90_pp_stock_7,5D A4 66 12
BMW M3 Sport Evolution,bmw_m3_e30_90_pp_stock_8,F5 DB C8 C4
BMW M3 Sport Evolution - Style Pack 1,bmw_m3_e30_90_pp1v1,81 37 29 50
BMW M3 Sport Evolution - Style Pack 1,bmw_m3_e30_90_pp1v2,6B 4D 19 C0
BMW M3 Sport Evolution - Style Pack 1,bmw_m3_e30_90_pp1v3,BC 3A 8A A4
BMW M3 Sport Evolution - Style Pack 1,bmw_m3_e30_90_pp1v4,ED C5 88 91
BMW M3 Sport Evolution - Style Pack 1,bmw_m3_e30_90_pp1v5,8B D3 05 66
BMW M3 Sport Evolution - Style Pack 1,bmw_m3_e30_90_pp1v6,F0 9D D6 C9
BMW M3 Sport Evolution - Style Pack 1,bmw_m3_e30_90_pp1v7,C3 B2 F8 A4
BMW M3 Sport Evolution - Style Pack 1,bmw_m3_e30_90_pp1v8,71 B8 CD 20
BMW M3 Sport Evolution - Circuit Racer Pack,bmw_m3_e30_90_pp2v1,EA 83 D1 E3
BMW M3 Sport Evolution - Circuit Racer Pack,bmw_m3_e30_90_pp2v2,53 38 9C 5F
BMW M3 Sport Evolution - Circuit Racer Pack,bmw_m3_e30_90_pp2v3,14 B1 EB A1
BMW M3 Sport Evolution - Circuit Racer Pack,bmw_m3_e30_90_pp2v4,43 E6 5E 07
BMW M3 Sport Evolution - Circuit Racer Pack,bmw_m3_e30_90_pp2v5,08 EA 81 BE
BMW M3 Sport Evolution - Circuit Racer Pack,bmw_m3_e30_90_pp2v6,38 DC 90 32
BMW M3 Sport Evolution - Circuit Racer Pack,bmw_m3_e30_90_pp2v7,4B 17 14 79
BMW M3 Sport Evolution - Circuit Racer Pack,bmw_m3_e30_90_pp2v8,53 9D DF C6
BMW M3 GTS (E92) - NFS Edition,bmw_m3_gts_10_nfs_e,27 BC 2D ED
BMW M3 GTS (E92) - Signature Edition,bmw_m3_gts_10_pp_run,70 8E 4D ED
BMW M3 GTS (E92),bmw_m3_gts_10_pp_stock_1,9E 7F F1 28
BMW M3 GTS (E92),bmw_m3_gts_10_pp_stock_2,87 9B 67 30
BMW M3 GTS (E92),bmw_m3_gts_10_pp_stock_3,E4 4B 0D F8
BMW M3 GTS (E92),bmw_m3_gts_10_pp_stock_4,C3 CB 6E 35
BMW M3 GTS (E92),bmw_m3_gts_10_pp_stock_5,35 DD C6 D4
BMW M3 GTS (E92),bmw_m3_gts_10_pp_stock_6,D9 A2 47 93
BMW M3 GTS (E92),bmw_m3_gts_10_pp_stock_7,92 56 FD E4
BMW M3 GTS (E92),bmw_m3_gts_10_pp_stock_8,C5 44 9C 6E
BMW M3 GTS (E92) - Style Pack 1,bmw_m3_gts_10_pp1v1,87 51 86 FD
BMW M3 GTS (E92) - Style Pack 1,bmw_m3_gts_10_pp1v2,CD B7 6E E8
BMW M3 GTS (E92) - Style Pack 1,bmw_m3_gts_10_pp1v3,1C 6C F6 35
BMW M3 GTS (E92) - Style Pack 1,bmw_m3_gts_10_pp1v4,BD 18 D9 30
BMW M3 GTS (E92) - Style Pack 1,bmw_m3_gts_10_pp1v5,70 D1 CF 27
BMW M3 GTS (E92) - Style Pack 1,bmw_m3_gts_10_pp1v6,26 2E DF 65
BMW M3 GTS (E92) - Style Pack 1,bmw_m3_gts_10_pp1v7,A2 9D 67 B1
BMW M3 GTS (E92) - Style Pack 1,bmw_m3_gts_10_pp1v8,41 51 BD 56
BMW M3 GTS (E92) - Style Pack 2,bmw_m3_gts_10_pp2v1,99 A5 E4 A0
BMW M3 GTS (E92) - Style Pack 2,bmw_m3_gts_10_pp2v2,3C 66 2E 11
BMW M3 GTS (E92) - Style Pack 2,bmw_m3_gts_10_pp2v3,4D 2F B3 AD
BMW M3 GTS (E92) - Style Pack 2,bmw_m3_gts_10_pp2v4,AA 13 5D 1E
BMW M3 GTS (E92) - Style Pack 2,bmw_m3_gts_10_pp2v5,39 44 22 46
BMW M3 GTS (E92) - Style Pack 2,bmw_m3_gts_10_pp2v6,19 82 0A 84
BMW M3 GTS (E92) - Style Pack 2,bmw_m3_gts_10_pp2v7,5C B0 9D AE
BMW M3 GTS (E92) - Style Pack 2,bmw_m3_gts_10_pp2v8,14 C6 48 31
BMW M3 GTS (E92) - Racer Pack,bmw_m3_gts_10_pp3v1,55 9B 90 17
BMW M3 GTS (E92) - Racer Pack,bmw_m3_gts_10_pp3v2,9B D3 09 A2
BMW M3 GTS (E92) - Racer Pack,bmw_m3_gts_10_pp3v3,09 47 24 39
BMW M3 GTS (E92) - Racer Pack,bmw_m3_gts_10_pp3v4,CB F6 D8 96
BMW M3 GTS (E92) - Racer Pack,bmw_m3_gts_10_pp3v5,46 63 F7 0A
BMW M3 GTS (E92) - Racer Pack,bmw_m3_gts_10_pp3v6,92 AE 99 CA
BMW M3 GTS (E92) - Racer Pack,bmw_m3_gts_10_pp3v7,38 15 37 37
BMW M3 GTS (E92) - Racer Pack,bmw_m3_gts_10_pp3v8,6C D2 68 0D
BMW M3 GTS (E92) - Signature Edition,bmw_m3_gts_10_presale_1,76 D5 0C 1D
BMW Z4 GT3 - Signature Edition,bmw_z4_gt3_11_pp_stock_1,A9 C1 3B D4
Bugatti Veyron 16.4 Super Sport,bug_vey_ss_10_pp_stock_1,2B 66 43 53
Bugatti Veyron 16.4 Super Sport,bug_vey_ss_10_pp_stock_2,77 32 E9 0D
Bugatti Veyron 16.4 Super Sport,bug_vey_ss_10_pp_stock_3,D7 C0 DA 0B
Bugatti Veyron 16.4 Super Sport,bug_vey_ss_10_pp_stock_4,46 5D 84 95
Bugatti Veyron 16.4 Super Sport,bug_vey_ss_10_pp_stock_5,14 67 51 02
Bugatti Veyron 16.4 Super Sport,bug_vey_ss_10_pp_stock_6,2A 04 B5 B2
Bugatti Veyron 16.4 Super Sport,bug_vey_ss_10_pp_stock_7,E5 60 3F 0D
Bugatti Veyron 16.4 Super Sport,bug_vey_ss_10_pp_stock_8,DD 93 09 CE
Bugatti Veyron 16.4 Super Sport - Style Pack 1,bug_vey_ss_10_pp1v1,85 10 B0 17
Bugatti Veyron 16.4 Super Sport - Style Pack 1,bug_vey_ss_10_pp1v2,2A 85 CF 00
Bugatti Veyron 16.4 Super Sport - Style Pack 1,bug_vey_ss_10_pp1v3,58 C9 F6 45
Bugatti Veyron 16.4 Super Sport - Style Pack 1,bug_vey_ss_10_pp1v4,55 72 EC 9F
Bugatti Veyron 16.4 Super Sport - Style Pack 1,bug_vey_ss_10_pp1v5,A2 8E 8B CB
Bugatti Veyron 16.4 Super Sport - Style Pack 1,bug_vey_ss_10_pp1v6,AA 56 0E F2
Bugatti Veyron 16.4 Super Sport - Style Pack 1,bug_vey_ss_10_pp1v7,7C F8 7A FE
Bugatti Veyron 16.4 Super Sport - Style Pack 1,bug_vey_ss_10_pp1v8,F2 D4 A3 47
Chevrolet Camaro SS (1967) - NFS Edition,che_cam_ss_67_nfs_e,E6 87 8B 2D
Chevrolet Camaro SS (1967) - Signature Edition,che_cam_ss_67_pp_rare_1,B7 C4 AC 12
Chevrolet Camaro SS (1967),che_cam_ss_67_pp_stock_1,B4 9E BE 5A
Chevrolet Camaro SS (1967),che_cam_ss_67_pp_stock_2,0F 31 F3 08
Chevrolet Camaro SS (1967),che_cam_ss_67_pp_stock_3,98 79 43 F1
Chevrolet Camaro SS (1967),che_cam_ss_67_pp_stock_4,B8 0B C8 D6
Chevrolet Camaro SS (1967),che_cam_ss_67_pp_stock_5,8E 40 AA 37
Chevrolet Camaro SS (1967),che_cam_ss_67_pp_stock_6,F2 AF F4 68
Chevrolet Camaro SS (1967),che_cam_ss_67_pp_stock_7,08 91 5D 73
Chevrolet Camaro SS (1967),che_cam_ss_67_pp_stock_8,83 A5 99 ED
Chevrolet Camaro SS (1967) - Style Pack 1,che_cam_ss_67_pp1v1,3E B1 A7 B7
Chevrolet Camaro SS (1967) - Style Pack 1,che_cam_ss_67_pp1v2,83 B2 27 D6
Chevrolet Camaro SS (1967) - Style Pack 1,che_cam_ss_67_pp1v3,5E EF B4 C2
Chevrolet Camaro SS (1967) - Style Pack 1,che_cam_ss_67_pp1v4,F8 86 F5 9E
Chevrolet Camaro SS (1967) - Style Pack 1,che_cam_ss_67_pp1v5,61 44 58 2B
Chevrolet Camaro SS (1967) - Style Pack 1,che_cam_ss_67_pp1v6,DB 39 51 BA
Chevrolet Camaro SS (1967) - Style Pack 1,che_cam_ss_67_pp1v7,56 5D 05 9E
Chevrolet Camaro SS (1967) - Style Pack 1,che_cam_ss_67_pp1v8,66 DD B9 46
Chevrolet Camaro SS (1967) - Retro Racer Pack,che_cam_ss_67_pp2v1,C4 3A 95 11
Chevrolet Camaro SS (1967) - Retro Racer Pack,che_cam_ss_67_pp2v2,BE 4E E8 76
Chevrolet Camaro SS (1967) - Retro Racer Pack,che_cam_ss_67_pp2v3,34 AD D8 EC
Chevrolet Camaro SS (1967) - Retro Racer Pack,che_cam_ss_67_pp2v4,43 A0 92 5E
Chevrolet Camaro SS (1967) - Retro Racer Pack,che_cam_ss_67_pp2v5,E4 9B 7D 21
Chevrolet Camaro SS (1967) - Retro Racer Pack,che_cam_ss_67_pp2v6,27 98 19 DD
Chevrolet Camaro SS (1967) - Retro Racer Pack,che_cam_ss_67_pp2v7,CF 88 F8 68
Chevrolet Camaro SS (1967) - Retro Racer Pack,che_cam_ss_67_pp2v8,1D 35 B4 12
Chevrolet Camaro ZL1 - Signature Edition,che_cam_zl1_13_pp_rare_1,5F E0 36 76
Chevrolet Camaro ZL1 - NFS Edition,che_cam_zl1_13_pp_run,8D 0F C1 88
Chevrolet Camaro ZL1,che_cam_zl1_13_pp_stock_1,ED E0 00 CF
Chevrolet Camaro ZL1,che_cam_zl1_13_pp_stock_2,7C AC E6 B1
Chevrolet Camaro ZL1,che_cam_zl1_13_pp_stock_3,E9 F2 0C B5
Chevrolet Camaro ZL1,che_cam_zl1_13_pp_stock_4,BB 67 9C 5E
Chevrolet Camaro ZL1,che_cam_zl1_13_pp_stock_5,1B DE 29 4F
Chevrolet Camaro ZL1,che_cam_zl1_13_pp_stock_6,4E B0 D9 E6
Chevrolet Camaro ZL1,che_cam_zl1_13_pp_stock_7,37 B0 8C C4
Chevrolet Camaro ZL1,che_cam_zl1_13_pp_stock_8,A0 73 A8 70
Chevrolet Camaro ZL1 - Style Pack 1,che_cam_zl1_13_pp1v1,D5 D6 A0 A9
Chevrolet Camaro ZL1 - Style Pack 1,che_cam_zl1_13_pp1v2,07 61 E0 24
Chevrolet Camaro ZL1 - Style Pack 1,che_cam_zl1_13_pp1v3,D1 92 08 C0
Chevrolet Camaro ZL1 - Style Pack 1,che_cam_zl1_13_pp1v4,AD 46 8A 28
Chevrolet Camaro ZL1 - Style Pack 1,che_cam_zl1_13_pp1v5,D0 42 EE BE
Chevrolet Camaro ZL1 - Style Pack 1,che_cam_zl1_13_pp1v6,C5 A4 7A 1B
Chevrolet Camaro ZL1 - Style Pack 1,che_cam_zl1_13_pp1v7,8D 2E FA 87
Chevrolet Camaro ZL1 - Style Pack 1,che_cam_zl1_13_pp1v8,62 44 10 EB
Chevrolet Camaro ZL1 - Style Pack 2,che_cam_zl1_13_pp2v1,87 AF 5F 8D
Chevrolet Camaro ZL1 - Style Pack 2,che_cam_zl1_13_pp2v2,EE 59 1A 5C
Chevrolet Camaro ZL1 - Style Pack 2,che_cam_zl1_13_pp2v3,00 08 01 A4
Chevrolet Camaro ZL1 - Style Pack 2,che_cam_zl1_13_pp2v4,51 82 F9 B0
Chevrolet Camaro ZL1 - Style Pack 2,che_cam_zl1_13_pp2v5,18 C7 81 50
Chevrolet Camaro ZL1 - Style Pack 2,che_cam_zl1_13_pp2v6,8C A0 8F 3F
Chevrolet Camaro ZL1 - Style Pack 2,che_cam_zl1_13_pp2v7,99 6D C8 07
Chevrolet Camaro ZL1 - Style Pack 2,che_cam_zl1_13_pp2v8,A2 44 4A 05
Chevrolet Camaro ZL1 - Track Day Racer Pack,che_cam_zl1_13_pp3v1,11 BB FF CE
Chevrolet Camaro ZL1 - Track Day Racer Pack,che_cam_zl1_13_pp3v2,49 D2 D0 DE
Chevrolet Camaro ZL1 - Track Day Racer Pack,che_cam_zl1_13_pp3v3,F7 7B C0 69
Chevrolet Camaro ZL1 - Track Day Racer Pack,che_cam_zl1_13_pp3v4,05 83 41 BF
Chevrolet Camaro ZL1 - Track Day Racer Pack,che_cam_zl1_13_pp3v5,38 8D 71 27
Chevrolet Camaro ZL1 - Track Day Racer Pack,che_cam_zl1_13_pp3v6,B5 F0 2D B1
Chevrolet Camaro ZL1 - Track Day Racer Pack,che_cam_zl1_13_pp3v7,8C 0A 59 09
Chevrolet Camaro ZL1 - Track Day Racer Pack,che_cam_zl1_13_pp3v8,0C 46 37 3B
Chevrolet El Camino SS - NFS Edition,che_el_cam_70_nfs_e,E7 CE 2E B3
Chevrolet El Camino SS - Signature Edition,che_el_cam_70_pp_rare_1,70 BB 38 39
Chevrolet El Camino SS - Signature Edition,che_el_cam_70_pp_rival_1,9C B4 8C 1D
Chevrolet El Camino SS - Signature Edition,che_el_cam_70_pp_rival_2,13 8C FE 5C
Chevrolet El Camino SS - Signature Edition,che_el_cam_70_pp_rival_3,7A AE 04 62
Chevrolet El Camino SS,che_el_cam_70_pp_stock_1,68 BD 89 F7
Chevrolet El Camino SS,che_el_cam_70_pp_stock_2,02 87 3C A9
Chevrolet El Camino SS,che_el_cam_70_pp_stock_3,74 51 B6 32
Chevrolet El Camino SS,che_el_cam_70_pp_stock_4,D4 32 D3 59
Chevrolet El Camino SS,che_el_cam_70_pp_stock_5,82 41 97 A3
Chevrolet El Camino SS,che_el_cam_70_pp_stock_6,CC 2A 1C 34
Chevrolet El Camino SS,che_el_cam_70_pp_stock_7,81 90 C4 58
Chevrolet El Camino SS,che_el_cam_70_pp_stock_8,C4 31 3C EC
Chevrolet El Camino SS - Style Pack 1,che_el_cam_70_pp1v1,3F 10 66 E7
Chevrolet El Camino SS - Style Pack 1,che_el_cam_70_pp1v2,8A 99 3A 6F
Chevrolet El Camino SS - Style Pack 1,che_el_cam_70_pp1v3,81 56 76 1A
Chevrolet El Camino SS - Style Pack 1,che_el_cam_70_pp1v4,FC A1 4E AF
Chevrolet El Camino SS - Style Pack 1,che_el_cam_70_pp1v5,9B 56 3D 30
Chevrolet El Camino SS - Style Pack 1,che_el_cam_70_pp1v6,46 3A 3A E4
Chevrolet El Camino SS - Style Pack 1,che_el_cam_70_pp1v7,96 18 B9 72
Chevrolet El Camino SS - Style Pack 1,che_el_cam_70_pp1v8,C5 23 54 69
Chevrolet El Camino SS - Drag Racing Pack,che_el_cam_70_pp2v1,0D BC 59 E7
Chevrolet El Camino SS - Drag Racing Pack,che_el_cam_70_pp2v2,FF A5 3E 6F
Chevrolet El Camino SS - Drag Racing Pack,che_el_cam_70_pp2v3,DE 72 79 1A
Chevrolet El Camino SS - Drag Racing Pack,che_el_cam_70_pp2v4,B3 92 3E AF
Chevrolet El Camino SS - Drag Racing Pack,che_el_cam_70_pp2v5,E4 24 66 3D
Chevrolet El Camino SS - Drag Racing Pack,che_el_cam_70_pp2v6,57 45 24 E4
Chevrolet El Camino SS - Drag Racing Pack,che_el_cam_70_pp2v7,41 C5 C4 72
Chevrolet El Camino SS - Drag Racing Pack,che_el_cam_70_pp2v8,FF 43 48 69
Chevrolet Corvette Z06 Carbon Limited Edition - Signature Edition,che_vet_cbn_10_adsales_1,B6 EE F8 CC
Chevrolet Corvette Z06 Carbon Limited Edition - NFS Edition,che_vet_cbn_10_nfs_e,F3 79 48 67
Chevrolet Corvette Z06 Carbon Limited Edition - Signature Edition,che_vet_cbn_10_pp_rare_1,77 80 E0 4C
Chevrolet Corvette Z06 Carbon Limited Edition - NFS Edition,che_vet_cbn_10_pp_run,3A FF 2E 44
Chevrolet Corvette Z06 Carbon Limited Edition,che_vet_cbn_10_pp_stock_1,9A 39 BD AC
Chevrolet Corvette Z06 Carbon Limited Edition,che_vet_cbn_10_pp_stock_2,D1 55 2E 59
Chevrolet Corvette Z06 Carbon Limited Edition,che_vet_cbn_10_pp_stock_3,5F FC C5 61
Chevrolet Corvette Z06 Carbon Limited Edition,che_vet_cbn_10_pp_stock_4,44 C1 87 1F
Chevrolet Corvette Z06 Carbon Limited Edition,che_vet_cbn_10_pp_stock_5,58 75 9B 67
Chevrolet Corvette Z06 Carbon Limited Edition,che_vet_cbn_10_pp_stock_6,3C 35 AB D5
Chevrolet Corvette Z06 Carbon Limited Edition,che_vet_cbn_10_pp_stock_7,03 7E D7 4B
Chevrolet Corvette Z06 Carbon Limited Edition,che_vet_cbn_10_pp_stock_8,EC 66 6D F8
Chevrolet Corvette Z06 Carbon Limited Edition - Style Pack 1,che_vet_cbn_10_pp1v1,FE A3 3A 41
Chevrolet Corvette Z06 Carbon Limited Edition - Style Pack 1,che_vet_cbn_10_pp1v2,9D 9F 6C A7
Chevrolet Corvette Z06 Carbon Limited Edition - Style Pack 1,che_vet_cbn_10_pp1v3,CC DA A3 64
Chevrolet Corvette Z06 Carbon Limited Edition - Style Pack 1,che_vet_cbn_10_pp1v4,44 0B 4C 1D
Chevrolet Corvette Z06 Carbon Limited Edition - Style Pack 1,che_vet_cbn_10_pp1v5,B4 CB F4 C5
Chevrolet Corvette Z06 Carbon Limited Edition - Style Pack 1,che_vet_cbn_10_pp1v6,F6 06 10 9C
Chevrolet Corvette Z06 Carbon Limited Edition - Style Pack 1,che_vet_cbn_10_pp1v7,BA 09 B1 91
Chevrolet Corvette Z06 Carbon Limited Edition - Style Pack 1,che_vet_cbn_10_pp1v8,9B 08 4D 34
Chevrolet Corvette Z06 Carbon Limited Edition - Style Pack 2,che_vet_cbn_10_pp2v1,F0 CA A4 26
Chevrolet Corvette Z06 Carbon Limited Edition - Style Pack 2,che_vet_cbn_10_pp2v2,9B 90 1C C4
Chevrolet Corvette Z06 Carbon Limited Edition - Style Pack 2,che_vet_cbn_10_pp2v3,30 4B A7 0D
Chevrolet Corvette Z06 Carbon Limited Edition - Style Pack 2,che_vet_cbn_10_pp2v4,E2 3E E5 3C
Chevrolet Corvette Z06 Carbon Limited Edition - Style Pack 2,che_vet_cbn_10_pp2v5,94 31 4A 55
Chevrolet Corvette Z06 Carbon Limited Edition - Style Pack 2,che_vet_cbn_10_pp2v6,95 9E EF 95
Chevrolet Corvette Z06 Carbon Limited Edition - Style Pack 2,che_vet_cbn_10_pp2v7,CA 69 A7 01
Chevrolet Corvette Z06 Carbon Limited Edition - Style Pack 2,che_vet_cbn_10_pp2v8,2C 00 F7 C8
Chevrolet Corvette Z06 Carbon Limited Edition - Circuit Racer Pack,che_vet_cbn_10_pp3v1,1E 43 48 C7
Chevrolet Corvette Z06 Carbon Limited Edition - Circuit Racer Pack,che_vet_cbn_10_pp3v2,98 FD 03 54
Chevrolet Corvette Z06 Carbon Limited Edition - Circuit Racer Pack,che_vet_cbn_10_pp3v3,97 3A 8D D8
Chevrolet Corvette Z06 Carbon Limited Edition - Circuit Racer Pack,che_vet_cbn_10_pp3v4,C3 20 2D 57
Chevrolet Corvette Z06 Carbon Limited Edition - Circuit Racer Pack,che_vet_cbn_10_pp3v5,3D BD 48 79
Chevrolet Corvette Z06 Carbon Limited Edition - Circuit Racer Pack,che_vet_cbn_10_pp3v6,59 10 4F 59
Chevrolet Corvette Z06 Carbon Limited Edition - Circuit Racer Pack,che_vet_cbn_10_pp3v7,3C 38 A7 79
Chevrolet Corvette Z06 Carbon Limited Edition - Circuit Racer Pack,che_vet_cbn_10_pp3v8,C4 4C 22 5A
Chevrolet Corvette Z06 Carbon Limited Edition - Signature Edition,che_vet_cbn_10_presale_1,0D 9E 48 57
Ford PolIce Interceptor,cop_car_int_11_oos,9D 90 B5 DF
Dodge Challenger R/T - NFS Edition,dod_cha_rt_71_nfs_e,AD 2C AA 1F
Dodge Challenger R/T,dod_cha_rt_71_pp_stock_1,7C 86 39 27
Dodge Challenger R/T,dod_cha_rt_71_pp_stock_2,C1 F0 15 15
Dodge Challenger R/T,dod_cha_rt_71_pp_stock_3,18 54 78 35
Dodge Challenger R/T,dod_cha_rt_71_pp_stock_4,3B DF F0 35
Dodge Challenger R/T,dod_cha_rt_71_pp_stock_5,84 38 91 6D
Dodge Challenger R/T,dod_cha_rt_71_pp_stock_6,63 E2 C0 82
Dodge Challenger R/T,dod_cha_rt_71_pp_stock_7,1A 9F 9A 5E
Dodge Challenger R/T,dod_cha_rt_71_pp_stock_8,58 B3 F3 C8
Dodge Challenger R/T - Style Pack 1,dod_cha_rt_71_pp1v1,90 55 54 DB
Dodge Challenger R/T - Style Pack 1,dod_cha_rt_71_pp1v2,2C 8B A2 4A
Dodge Challenger R/T - Style Pack 1,dod_cha_rt_71_pp1v3,47 44 82 E8
Dodge Challenger R/T - Style Pack 1,dod_cha_rt_71_pp1v4,2C 8F 66 3F
Dodge Challenger R/T - Style Pack 1,dod_cha_rt_71_pp1v5,F0 27 43 C5
Dodge Challenger R/T - Style Pack 1,dod_cha_rt_71_pp1v6,21 BF CF 3C
Dodge Challenger R/T - Style Pack 1,dod_cha_rt_71_pp1v7,A9 58 13 9A
Dodge Challenger R/T - Style Pack 1,dod_cha_rt_71_pp1v8,BE 09 94 E7
Dodge Challenger R/T - Retro Racer Pack,dod_cha_rt_71_pp2v1,67 A2 2D FB
Dodge Challenger R/T - Retro Racer Pack,dod_cha_rt_71_pp2v2,55 35 6F 7F
Dodge Challenger R/T - Retro Racer Pack,dod_cha_rt_71_pp2v3,97 30 AC D7
Dodge Challenger R/T - Retro Racer Pack,dod_cha_rt_71_pp2v4,6A 27 5B 0F
Dodge Challenger R/T - Retro Racer Pack,dod_cha_rt_71_pp2v5,BD DF FF 82
Dodge Challenger R/T - Retro Racer Pack,dod_cha_rt_71_pp2v6,D8 6E 35 6E
Dodge Challenger R/T - Retro Racer Pack,dod_cha_rt_71_pp2v7,2C 7F D2 AC
Dodge Challenger R/T - Retro Racer Pack,dod_cha_rt_71_pp2v8,43 0E AE B5
Dodge Challenger SRT-8 - Signature Edition,dod_cha_srt_08_adsales_1,6E 69 6F 28
Dodge Challenger SRT-8 - NFS Edition,dod_cha_srt_08_nfs_e,63 8D 8E CC
Dodge Challenger SRT-8,dod_cha_srt_08_pp_stock_1,4A AD 17 C0
Dodge Challenger SRT-8,dod_cha_srt_08_pp_stock_2,E5 6D BD 7B
Dodge Challenger SRT-8,dod_cha_srt_08_pp_stock_3,76 AB F5 92
Dodge Challenger SRT-8,dod_cha_srt_08_pp_stock_4,81 BE 89 DE
Dodge Challenger SRT-8,dod_cha_srt_08_pp_stock_5,61 B8 B0 EF
Dodge Challenger SRT-8,dod_cha_srt_08_pp_stock_6,D5 F9 94 4B
Dodge Challenger SRT-8,dod_cha_srt_08_pp_stock_7,1A 80 8D 6A
Dodge Challenger SRT-8,dod_cha_srt_08_pp_stock_8,50 AB AA 20
Dodge Challenger SRT-8 - Style Pack 1,dod_cha_srt_08_pp1v1,16 CE F0 59
Dodge Challenger SRT-8 - Style Pack 1,dod_cha_srt_08_pp1v2,9F D0 BB 96
Dodge Challenger SRT-8 - Style Pack 1,dod_cha_srt_08_pp1v3,F1 7A 45 BD
Dodge Challenger SRT-8 - Style Pack 1,dod_cha_srt_08_pp1v4,35 4D 59 F4
Dodge Challenger SRT-8 - Style Pack 1,dod_cha_srt_08_pp1v5,61 06 5C 40
Dodge Challenger SRT-8 - Style Pack 1,dod_cha_srt_08_pp1v6,EC 7B C1 1F
Dodge Challenger SRT-8 - Style Pack 1,dod_cha_srt_08_pp1v7,E8 06 80 9F
Dodge Challenger SRT-8 - Style Pack 1,dod_cha_srt_08_pp1v8,DD 6E F5 38
Dodge Challenger SRT-8 - Style Pack 2,dod_cha_srt_08_pp2v1,F2 69 0A 79
Dodge Challenger SRT-8 - Style Pack 2,dod_cha_srt_08_pp2v2,EB 26 0C CB
Dodge Challenger SRT-8 - Style Pack 2,dod_cha_srt_08_pp2v3,56 AB 19 D2
Dodge Challenger SRT-8 - Style Pack 2,dod_cha_srt_08_pp2v4,E1 7D 86 5F
Dodge Challenger SRT-8 - Style Pack 2,dod_cha_srt_08_pp2v5,F0 6F 40 4E
Dodge Challenger SRT-8 - Style Pack 2,dod_cha_srt_08_pp2v6,3B 36 17 0B
Dodge Challenger SRT-8 - Style Pack 2,dod_cha_srt_08_pp2v7,50 03 F5 3E
Dodge Challenger SRT-8 - Style Pack 2,dod_cha_srt_08_pp2v8,7E EF 10 EB
Dodge Challenger SRT-8 - Retro Racer Pack,dod_cha_srt_08_pp3v1,00 94 E9 DD
Dodge Challenger SRT-8 - Retro Racer Pack,dod_cha_srt_08_pp3v2,1A FE 5B A8
Dodge Challenger SRT-8 - Retro Racer Pack,dod_cha_srt_08_pp3v3,2B 46 75 02
Dodge Challenger SRT-8 - Retro Racer Pack,dod_cha_srt_08_pp3v4,1A F1 29 A4
Dodge Challenger SRT-8 - Retro Racer Pack,dod_cha_srt_08_pp3v5,7C EC E7 C8
Dodge Challenger SRT-8 - Retro Racer Pack,dod_cha_srt_08_pp3v6,0C C2 2A F0
Dodge Challenger SRT-8 - Retro Racer Pack,dod_cha_srt_08_pp3v7,9A 13 B5 1F
Dodge Challenger SRT-8 - Retro Racer Pack,dod_cha_srt_08_pp3v8,D4 FE 56 8B
Dodge Charger SRT-8 - Signature Edition,dod_chr_taxi_player,40 52 76 0E
Ford Focus RS - NFS Edition,for_foc_rs_10_nfs_e,DD DC 61 0D
Ford Focus RS - Signature Edition,for_foc_rs_10_pp_rare_1,7D A8 AC 29
Ford Focus RS,for_foc_rs_10_pp_stock_1,74 D5 DA 2C
Ford Focus RS,for_foc_rs_10_pp_stock_2,63 BE 68 8A
Ford Focus RS,for_foc_rs_10_pp_stock_3,04 D2 0A 6B
Ford Focus RS,for_foc_rs_10_pp_stock_4,26 57 70 2C
Ford Focus RS,for_foc_rs_10_pp_stock_5,7A 44 C2 B7
Ford Focus RS,for_foc_rs_10_pp_stock_6,E1 BD B1 6E
Ford Focus RS,for_foc_rs_10_pp_stock_7,E5 7C B6 F2
Ford Focus RS,for_foc_rs_10_pp_stock_8,F4 AD FA 64
Ford Focus RS - Style Pack 1,for_foc_rs_10_pp1v1,DB E8 E6 E5
Ford Focus RS - Style Pack 1,for_foc_rs_10_pp1v2,C4 38 9C 62
Ford Focus RS - Style Pack 1,for_foc_rs_10_pp1v3,02 52 45 17
Ford Focus RS - Style Pack 1,for_foc_rs_10_pp1v4,9C 0F 87 92
Ford Focus RS - Style Pack 1,for_foc_rs_10_pp1v5,D9 56 65 84
Ford Focus RS - Style Pack 1,for_foc_rs_10_pp1v6,84 D2 59 00
Ford Focus RS - Style Pack 1,for_foc_rs_10_pp1v7,8B A9 14 4B
Ford Focus RS - Style Pack 1,for_foc_rs_10_pp1v8,2C A1 EE 57
Ford Focus RS - Tuner Pack,for_foc_rs_10_pp2v1,D8 F8 EA 37
Ford Focus RS - Tuner Pack,for_foc_rs_10_pp2v2,B1 B8 CE 1F
Ford Focus RS - Tuner Pack,for_foc_rs_10_pp2v3,EE 56 99 D1
Ford Focus RS - Tuner Pack,for_foc_rs_10_pp2v4,D4 C0 49 92
Ford Focus RS - Tuner Pack,for_foc_rs_10_pp2v5,BA D9 A2 49
Ford Focus RS - Tuner Pack,for_foc_rs_10_pp2v6,1A 51 73 00
Ford Focus RS - Tuner Pack,for_foc_rs_10_pp2v7,33 31 33 11
Ford Focus RS - Tuner Pack,for_foc_rs_10_pp2v8,28 12 CE 57
Ford Focus RS - Racer Pack,for_foc_rs_10_pp3v1,C4 FD C7 B7
Ford Focus RS - Racer Pack,for_foc_rs_10_pp3v2,2A 77 EB 47
Ford Focus RS - Racer Pack,for_foc_rs_10_pp3v3,46 D8 C3 42
Ford Focus RS - Racer Pack,for_foc_rs_10_pp3v4,C2 9B 2F 1A
Ford Focus RS - Racer Pack,for_foc_rs_10_pp3v5,77 2D EB 45
Ford Focus RS - Racer Pack,for_foc_rs_10_pp3v6,97 D7 A6 C1
Ford Focus RS - Racer Pack,for_foc_rs_10_pp3v7,69 9C AD 1D
Ford Focus RS - Racer Pack,for_foc_rs_10_pp3v8,6D 5F 53 62
Ford GT - Signature Edition,for_gt_stk_06_adsales_1,9C 25 95 84
Ford GT - NFS Edition,for_gt_stk_06_nfs_e,9D FF AA 5E
Ford GT - Signature Edition,for_gt_stk_06_pp_rare_1,E0 59 1B 56
Ford GT,for_gt_stk_06_pp_stock_1,44 25 C5 CF
Ford GT,for_gt_stk_06_pp_stock_2,79 AC 46 BF
Ford GT,for_gt_stk_06_pp_stock_3,F9 54 F1 D9
Ford GT,for_gt_stk_06_pp_stock_4,7A BD 7F 3C
Ford GT,for_gt_stk_06_pp_stock_5,DA 59 8D 45
Ford GT,for_gt_stk_06_pp_stock_6,7C AF EE 40
Ford GT,for_gt_stk_06_pp_stock_7,48 04 24 58
Ford GT,for_gt_stk_06_pp_stock_8,A8 35 2E 8C
Ford GT - Style Pack 1,for_gt_stk_06_pp1v1,FD BD B8 C7
Ford GT - Style Pack 1,for_gt_stk_06_pp1v2,26 76 0C 46
Ford GT - Style Pack 1,for_gt_stk_06_pp1v3,71 85 12 AF
Ford GT - Style Pack 1,for_gt_stk_06_pp1v4,4E 55 A2 06
Ford GT - Style Pack 1,for_gt_stk_06_pp1v5,9D 63 88 EF
Ford GT - Style Pack 1,for_gt_stk_06_pp1v6,70 CD F4 9C
Ford GT - Style Pack 1,for_gt_stk_06_pp1v7,2B 3D 2B A2
Ford GT - Style Pack 1,for_gt_stk_06_pp1v8,3C 8A 25 C7
Ford GT - Circuit Racer Pack,for_gt_stk_06_pp2v1,E5 38 A1 26
Ford GT - Circuit Racer Pack,for_gt_stk_06_pp2v2,47 98 2D D1
Ford GT - Circuit Racer Pack,for_gt_stk_06_pp2v3,2B 05 9C 1E
Ford GT - Circuit Racer Pack,for_gt_stk_06_pp2v4,45 B6 ED 8B
Ford GT - Circuit Racer Pack,for_gt_stk_06_pp2v5,60 80 BF 37
Ford GT - Circuit Racer Pack,for_gt_stk_06_pp2v6,BD EC CA 09
Ford GT - Circuit Racer Pack,for_gt_stk_06_pp2v7,45 44 C5 64
Ford GT - Circuit Racer Pack,for_gt_stk_06_pp2v8,BB CA F1 80
Ford Mustang Boss 302 (1969),for_mus_302_69_adsales_1,91 0B 05 10
Ford Mustang Boss 302 (1969),for_mus_302_69_nfs_e,A3 E8 FF AC
Ford Mustang Boss 302 (1969),for_mus_302_69_pp_stock_1,36 FA 6A 59
Ford Mustang Boss 302 (1969),for_mus_302_69_pp_stock_2,6A 75 AA 09
Ford Mustang Boss 302 (1969),for_mus_302_69_pp_stock_3,6C E2 A0 09
Ford Mustang Boss 302 (1969),for_mus_302_69_pp_stock_4,50 1B 9D 82
Ford Mustang Boss 302 (1969),for_mus_302_69_pp_stock_5,C0 70 9B C7
Ford Mustang Boss 302 (1969),for_mus_302_69_pp_stock_6,77 4F 7A 7F
Ford Mustang Boss 302 (1969),for_mus_302_69_pp_stock_7,98 DA 88 B8
Ford Mustang Boss 302 (1969),for_mus_302_69_pp_stock_8,93 42 55 DD
Ford Mustang Boss 302 (1969) - Style Pack 1,for_mus_302_69_pp1v1,67 42 63 3F
Ford Mustang Boss 302 (1969) - Style Pack 1,for_mus_302_69_pp1v2,08 37 D6 22
Ford Mustang Boss 302 (1969) - Style Pack 1,for_mus_302_69_pp1v3,D0 6B 43 26
Ford Mustang Boss 302 (1969) - Style Pack 1,for_mus_302_69_pp1v4,22 0C 9E 71
Ford Mustang Boss 302 (1969) - Style Pack 1,for_mus_302_69_pp1v5,F2 1E F2 65
Ford Mustang Boss 302 (1969) - Style Pack 1,for_mus_302_69_pp1v6,7D F7 A5 68
Ford Mustang Boss 302 (1969) - Style Pack 1,for_mus_302_69_pp1v7,6E 7F 78 56
Ford Mustang Boss 302 (1969) - Style Pack 1,for_mus_302_69_pp1v8,0A 74 5C E8
Ford Mustang Boss 302 (1969) - Retro Racer Pack,for_mus_302_69_pp2v1,A4 66 46 D5
Ford Mustang Boss 302 (1969) - Retro Racer Pack,for_mus_302_69_pp2v2,63 EB 74 C3
Ford Mustang Boss 302 (1969) - Retro Racer Pack,for_mus_302_69_pp2v3,03 46 F3 B1
Ford Mustang Boss 302 (1969) - Retro Racer Pack,for_mus_302_69_pp2v4,49 1D 02 9B
Ford Mustang Boss 302 (1969) - Retro Racer Pack,for_mus_302_69_pp2v5,30 DA C8 E3
Ford Mustang Boss 302 (1969) - Retro Racer Pack,for_mus_302_69_pp2v6,39 7D 83 76
Ford Mustang Boss 302 (1969) - Retro Racer Pack,for_mus_302_69_pp2v7,3E 2B 6E 55
Ford Mustang Boss 302 (1969) - Retro Racer Pack,for_mus_302_69_pp2v8,4E 9C 95 D9
Ford Mustang Boss 302 - Signature Edition,for_mus_bos_12_pp_rare_1,44 9B 34 FB
Ford Mustang Boss 302,for_mus_bos_12_pp_stock_1,34 44 7D 5D
Ford Mustang Boss 302,for_mus_bos_12_pp_stock_2,B3 80 3F A5
Ford Mustang Boss 302,for_mus_bos_12_pp_stock_3,61 8D E8 B2
Ford Mustang Boss 302,for_mus_bos_12_pp_stock_4,6D 9F E2 93
Ford Mustang Boss 302,for_mus_bos_12_pp_stock_5,B4 BF CA 46
Ford Mustang Boss 302,for_mus_bos_12_pp_stock_6,C6 9F 57 10
Ford Mustang Boss 302,for_mus_bos_12_pp_stock_7,2F 86 0A F2
Ford Mustang Boss 302,for_mus_bos_12_pp_stock_8,73 62 4D E8
Ford Mustang Boss 302 - Style Pack 1,for_mus_bos_12_pp1v1,56 CB 18 E0
Ford Mustang Boss 302 - Style Pack 1,for_mus_bos_12_pp1v2,4D DB C2 DD
Ford Mustang Boss 302 - Style Pack 1,for_mus_bos_12_pp1v3,40 A4 32 8E
Ford Mustang Boss 302 - Style Pack 1,for_mus_bos_12_pp1v4,DA AD 64 08
Ford Mustang Boss 302 - Style Pack 1,for_mus_bos_12_pp1v5,71 3A 05 4E
Ford Mustang Boss 302 - Style Pack 1,for_mus_bos_12_pp1v6,84 55 D3 48
Ford Mustang Boss 302 - Style Pack 1,for_mus_bos_12_pp1v7,7C 4A 30 C1
Ford Mustang Boss 302 - Style Pack 1,for_mus_bos_12_pp1v8,63 79 CB DA
Ford Mustang Boss 302 - Style Pack 2,for_mus_bos_12_pp2v1,27 D9 F0 B4
Ford Mustang Boss 302 - Style Pack 2,for_mus_bos_12_pp2v2,D2 FF 56 12
Ford Mustang Boss 302 - Style Pack 2,for_mus_bos_12_pp2v3,51 08 7D 09
Ford Mustang Boss 302 - Style Pack 2,for_mus_bos_12_pp2v4,5B 7D 82 EE
Ford Mustang Boss 302 - Style Pack 2,for_mus_bos_12_pp2v5,72 D3 98 A3
Ford Mustang Boss 302 - Style Pack 2,for_mus_bos_12_pp2v6,2F FC 86 D4
Ford Mustang Boss 302 - Style Pack 2,for_mus_bos_12_pp2v7,2E 39 73 93
Ford Mustang Boss 302 - Style Pack 2,for_mus_bos_12_pp2v8,51 CA 90 B7
Ford Mustang Boss 302 - Track Day Racer Pack,for_mus_bos_12_pp3v1,9D FE 9C 9F
Ford Mustang Boss 302 - Track Day Racer Pack,for_mus_bos_12_pp3v2,98 E4 E0 C7
Ford Mustang Boss 302 - Track Day Racer Pack,for_mus_bos_12_pp3v3,02 3E 51 9A
Ford Mustang Boss 302 - Track Day Racer Pack,for_mus_bos_12_pp3v4,86 7C 04 A7
Ford Mustang Boss 302 - Track Day Racer Pack,for_mus_bos_12_pp3v5,B0 02 1B EA
Ford Mustang Boss 302 - Track Day Racer Pack,for_mus_bos_12_pp3v6,B7 E3 6B CE
Ford Mustang Boss 302 - Track Day Racer Pack,for_mus_bos_12_pp3v7,26 24 8D 63
Ford Mustang Boss 302 - Track Day Racer Pack,for_mus_bos_12_pp3v8,29 37 B5 05
Ford Mustang Boss 302 - Signature Edition,for_mus_bos_12_presale_1,C6 24 4B F5
Ford Mustang RTR,for_mus_rtr_12_pp_stock_1,7B 8D C8 B0
Ford Mustang RTR,for_mus_rtr_12_pp_stock_2,05 E8 4E 4E
Ford Mustang RTR,for_mus_rtr_12_pp_stock_3,47 B2 2F 7A
Ford Mustang RTR,for_mus_rtr_12_pp_stock_4,F9 1B 81 A2
Ford Mustang RTR,for_mus_rtr_12_pp_stock_5,60 27 E0 D3
Ford Mustang RTR,for_mus_rtr_12_pp_stock_6,AB AE 84 0A
Ford Mustang RTR,for_mus_rtr_12_pp_stock_7,DC 9E 80 ED
Ford Mustang RTR,for_mus_rtr_12_pp_stock_8,19 D5 D9 79
Ford Mustang RTR - RTR:C Pack,for_mus_rtr_12_pp1v1,F9 8B EC 3F
Ford Mustang RTR - NFS Edition,for_must_rtr_12_nfs_e,89 73 1A C2
Ford Mustang RXR-X (1969) - Signature Edition,for_rtr_x_69_pp1v1,0B 36 E5 FF
Ford Crown Victoria - Sigtanure Edition,for_vic_taxi_player,FB 4C 13 DB
Gumpert Apollo S,gum_apo_s_11_pp_stock_1,32 EA 08 FA
Gumpert Apollo S,gum_apo_s_11_pp_stock_2,41 94 99 AE
Gumpert Apollo S,gum_apo_s_11_pp_stock_3,98 87 64 D1
Gumpert Apollo S,gum_apo_s_11_pp_stock_4,65 E7 51 9E
Gumpert Apollo S,gum_apo_s_11_pp_stock_5,4A E6 3D 3D
Gumpert Apollo S,gum_apo_s_11_pp_stock_6,1F 12 EF B4
Gumpert Apollo S,gum_apo_s_11_pp_stock_7,3E D2 E9 91
Gumpert Apollo S,gum_apo_s_11_pp_stock_8,E6 4C B2 45
Gumpert Apollo S - Style Pack 1,gum_apo_s_11_pp1v1,61 08 3F 9B
Gumpert Apollo S - Style Pack 1,gum_apo_s_11_pp1v2,B9 B9 25 55
Gumpert Apollo S - Style Pack 1,gum_apo_s_11_pp1v3,EA 31 A6 4B
Gumpert Apollo S - Style Pack 1,gum_apo_s_11_pp1v4,06 07 59 CD
Gumpert Apollo S - Style Pack 1,gum_apo_s_11_pp1v5,AF 92 8E 4B
Gumpert Apollo S - Style Pack 1,gum_apo_s_11_pp1v6,86 90 8F 75
Gumpert Apollo S - Style Pack 1,gum_apo_s_11_pp1v7,DF B9 6A A1
Gumpert Apollo S - Style Pack 1,gum_apo_s_11_pp1v8,C9 AD EB 9A
Heynessey Venom GT,hen_ven_gt_11_pp_stock_1,8C 6B A2 70
Heynessey Venom GT,hen_ven_gt_11_pp_stock_2,5D 5A 6B AB
Heynessey Venom GT,hen_ven_gt_11_pp_stock_3,3E 1B E0 6D
Heynessey Venom GT,hen_ven_gt_11_pp_stock_4,1E A6 F3 5C
Heynessey Venom GT,hen_ven_gt_11_pp_stock_5,14 77 20 4D
Heynessey Venom GT,hen_ven_gt_11_pp_stock_6,48 C9 92 55
Heynessey Venom GT,hen_ven_gt_11_pp_stock_7,7C 7B 65 99
Heynessey Venom GT,hen_ven_gt_11_pp_stock_8,53 CE 27 8B
Heynessey Venom GT - Style Pack 1,hen_ven_gt_11_pp1v1,5D CC 55 5B
Heynessey Venom GT - Style Pack 1,hen_ven_gt_11_pp1v2,DA 5F 20 60
Heynessey Venom GT - Style Pack 1,hen_ven_gt_11_pp1v3,C5 E5 79 50
Heynessey Venom GT - Style Pack 1,hen_ven_gt_11_pp1v4,F5 34 CB E4
Heynessey Venom GT - Style Pack 1,hen_ven_gt_11_pp1v5,11 15 57 BA
Heynessey Venom GT - Style Pack 1,hen_ven_gt_11_pp1v6,C1 2C 01 AD
Heynessey Venom GT - Style Pack 1,hen_ven_gt_11_pp1v7,1A 9F 87 02
Heynessey Venom GT - Style Pack 1,hen_ven_gt_11_pp1v8,ED 6F F9 10
Koenigsegg Agera R,koe_age_r_11_pp_stock_1,16 9E EE 37
Koenigsegg Agera R,koe_age_r_11_pp_stock_2,A7 C1 71 E7
Koenigsegg Agera R,koe_age_r_11_pp_stock_3,D1 69 B9 51
Koenigsegg Agera R,koe_age_r_11_pp_stock_4,53 14 90 9C
Koenigsegg Agera R,koe_age_r_11_pp_stock_5,E3 66 68 49
Koenigsegg Agera R,koe_age_r_11_pp_stock_6,BF 39 81 E7
Koenigsegg Agera R,koe_age_r_11_pp_stock_7,E9 A2 12 2F
Koenigsegg Agera R,koe_age_r_11_pp_stock_8,E9 EB 3C FB
Koenigsegg Agera R - Style Pack 1,koe_age_r_11_pp1v1,D6 08 DB 1A
Koenigsegg Agera R - Style Pack 1,koe_age_r_11_pp1v2,5D 82 3A BD
Koenigsegg Agera R - Style Pack 1,koe_age_r_11_pp1v3,BB 9B 4F BA
Koenigsegg Agera R - Style Pack 1,koe_age_r_11_pp1v4,33 C1 59 C2
Koenigsegg Agera R - Style Pack 1,koe_age_r_11_pp1v5,A8 CA E2 07
Koenigsegg Agera R - Style Pack 1,koe_age_r_11_pp1v6,66 5E 3A CA
Koenigsegg Agera R - Style Pack 1,koe_age_r_11_pp1v7,3C 1C E4 F8
Koenigsegg Agera R - Style Pack 1,koe_age_r_11_pp1v8,AF 2E 65 44
Lamborghini Aventador LP 700-4 - NFS Edition,lam_ave_700_12_pp_run,22 4B E8 82
Lamborghini Aventador LP 700-4,lam_ave_700_12_pp_stock_1,AC 64 99 0D
Lamborghini Aventador LP 700-4,lam_ave_700_12_pp_stock_2,08 0F B9 9C
Lamborghini Aventador LP 700-4,lam_ave_700_12_pp_stock_3,34 29 3A EC
Lamborghini Aventador LP 700-4,lam_ave_700_12_pp_stock_4,DF 25 18 97
Lamborghini Aventador LP 700-4,lam_ave_700_12_pp_stock_5,F4 B5 96 3D
Lamborghini Aventador LP 700-4,lam_ave_700_12_pp_stock_6,EE 2C B5 5F
Lamborghini Aventador LP 700-4,lam_ave_700_12_pp_stock_7,3F EC 97 74
Lamborghini Aventador LP 700-4,lam_ave_700_12_pp_stock_8,E0 06 7B C2
Lamborghini Aventador LP 700-4 - Style Pack 1,lam_ave_700_12_pp1v1,4A E3 28 61
Lamborghini Aventador LP 700-4 - Style Pack 1,lam_ave_700_12_pp1v2,2C 67 DC 70
Lamborghini Aventador LP 700-4 - Style Pack 1,lam_ave_700_12_pp1v3,06 9A 4F 8A
Lamborghini Aventador LP 700-4 - Style Pack 1,lam_ave_700_12_pp1v4,B4 4B 95 3D
Lamborghini Aventador LP 700-4 - Style Pack 1,lam_ave_700_12_pp1v5,CE B0 C0 CB
Lamborghini Aventador LP 700-4 - Style Pack 1,lam_ave_700_12_pp1v6,50 93 1F E9
Lamborghini Aventador LP 700-4 - Style Pack 1,lam_ave_700_12_pp1v7,00 19 73 93
Lamborghini Aventador LP 700-4 - Style Pack 1,lam_ave_700_12_pp1v8,B3 79 A6 B9
Lamborghini Aventador LP 700-4 - Super Fast Pack,lam_ave_700_12_pp2v1,25 46 F3 33
Lamborghini Aventador LP 700-4 - Super Fast Pack,lam_ave_700_12_pp2v2,F2 96 5A AA
Lamborghini Aventador LP 700-4 - Super Fast Pack,lam_ave_700_12_pp2v3,A0 86 67 25
Lamborghini Aventador LP 700-4 - Super Fast Pack,lam_ave_700_12_pp2v4,DB E1 4F FD
Lamborghini Aventador LP 700-4 - Super Fast Pack,lam_ave_700_12_pp2v5,48 47 6F 92
Lamborghini Aventador LP 700-4 - Super Fast Pack,lam_ave_700_12_pp2v6,A2 3B 76 FE
Lamborghini Aventador LP 700-4 - Super Fast Pack,lam_ave_700_12_pp2v7,1D 36 88 54
Lamborghini Aventador LP 700-4 - Super Fast Pack,lam_ave_700_12_pp2v8,2F 97 4E 39
Lamborghini Countach 500 quattrovalvole,lam_cou_qv_85_pp_stock_1,8A FC 10 79
Lamborghini Countach 500 quattrovalvole,lam_cou_qv_85_pp_stock_2,3A D3 E7 88
Lamborghini Countach 500 quattrovalvole,lam_cou_qv_85_pp_stock_3,64 1F EB 8E
Lamborghini Countach 500 quattrovalvole,lam_cou_qv_85_pp_stock_4,76 1D 46 6C
Lamborghini Countach 500 quattrovalvole,lam_cou_qv_85_pp_stock_5,95 7E 42 A5
Lamborghini Countach 500 quattrovalvole,lam_cou_qv_85_pp_stock_6,67 A5 84 22
Lamborghini Countach 500 quattrovalvole,lam_cou_qv_85_pp_stock_7,BF BB 65 CC
Lamborghini Countach 500 quattrovalvole,lam_cou_qv_85_pp_stock_8,0F CC F9 18
Lamborghini Countach 500 quattrovalvole - Aero Pack,lam_cou_qv_85_pp1v1,2D E1 DC 45
Lamborghini Countach 500 quattrovalvole - Aero Pack,lam_cou_qv_85_pp1v2,6A B7 1C 92
Lamborghini Countach 500 quattrovalvole - Aero Pack,lam_cou_qv_85_pp1v3,1C 27 C4 A5
Lamborghini Countach 500 quattrovalvole - Aero Pack,lam_cou_qv_85_pp1v4,11 28 B3 CE
Lamborghini Countach 500 quattrovalvole - Aero Pack,lam_cou_qv_85_pp1v5,7B 49 FE 5E
Lamborghini Countach 500 quattrovalvole - Aero Pack,lam_cou_qv_85_pp1v6,2D 99 A9 B5
Lamborghini Countach 500 quattrovalvole - Aero Pack,lam_cou_qv_85_pp1v7,8C 6E 6F D6
Lamborghini Countach 500 quattrovalvole - Aero Pack,lam_cou_qv_85_pp1v8,0E 97 B8 20
Lamborghini Gallardo LP 550-2 Valentino Balboni,lam_gal_vb_10_nfs_e,1C 9D B6 B9
Lamborghini Gallardo LP 550-2 Valentino Balboni,lam_gal_vb_10_pp_stock_1,37 65 D7 15
Lamborghini Gallardo LP 550-2 Valentino Balboni,lam_gal_vb_10_pp_stock_2,A5 09 27 54
Lamborghini Gallardo LP 550-2 Valentino Balboni,lam_gal_vb_10_pp_stock_3,F9 73 69 28
Lamborghini Gallardo LP 550-2 Valentino Balboni,lam_gal_vb_10_pp_stock_4,7B 10 8E 23
Lamborghini Gallardo LP 550-2 Valentino Balboni,lam_gal_vb_10_pp_stock_5,75 22 76 5B
Lamborghini Gallardo LP 550-2 Valentino Balboni,lam_gal_vb_10_pp_stock_6,08 74 E7 54
Lamborghini Gallardo LP 550-2 Valentino Balboni,lam_gal_vb_10_pp_stock_7,2E A9 AA EC
Lamborghini Gallardo LP 550-2 Valentino Balboni,lam_gal_vb_10_pp_stock_8,68 CC BE 4A
Lamborghini Gallardo LP 550-2 Valentino Balboni - Style Pack 1,lam_gal_vb_10_pp1v1,B3 0C 6B 4D
Lamborghini Gallardo LP 550-2 Valentino Balboni - Style Pack 1,lam_gal_vb_10_pp1v2,B8 E9 45 F3
Lamborghini Gallardo LP 550-2 Valentino Balboni - Style Pack 1,lam_gal_vb_10_pp1v3,27 06 CD 34
Lamborghini Gallardo LP 550-2 Valentino Balboni - Style Pack 1,lam_gal_vb_10_pp1v4,DC E6 D3 C3
Lamborghini Gallardo LP 550-2 Valentino Balboni - Style Pack 1,lam_gal_vb_10_pp1v5,F6 C9 58 2C
Lamborghini Gallardo LP 550-2 Valentino Balboni - Style Pack 1,lam_gal_vb_10_pp1v6,B8 67 CD D9
Lamborghini Gallardo LP 550-2 Valentino Balboni - Style Pack 1,lam_gal_vb_10_pp1v7,15 CD 40 E9
Lamborghini Gallardo LP 550-2 Valentino Balboni - Style Pack 1,lam_gal_vb_10_pp1v8,57 20 06 57
Lamborghini Gallardo LP 550-2 Valentino Balboni - Racer Pack,lam_gal_vb_10_pp2v1,40 90 63 A7
Lamborghini Gallardo LP 550-2 Valentino Balboni - Racer Pack,lam_gal_vb_10_pp2v2,14 FC 43 2A
Lamborghini Gallardo LP 550-2 Valentino Balboni - Racer Pack,lam_gal_vb_10_pp2v3,B7 F2 CB 15
Lamborghini Gallardo LP 550-2 Valentino Balboni - Racer Pack,lam_gal_vb_10_pp2v4,50 0B F4 55
Lamborghini Gallardo LP 550-2 Valentino Balboni - Racer Pack,lam_gal_vb_10_pp2v5,15 90 60 23
Lamborghini Gallardo LP 550-2 Valentino Balboni - Racer Pack,lam_gal_vb_10_pp2v6,DA 1E BA 8B
Lamborghini Gallardo LP 550-2 Valentino Balboni - Racer Pack,lam_gal_vb_10_pp2v7,5E 2E 00 13
Lamborghini Gallardo LP 550-2 Valentino Balboni - Racer Pack,lam_gal_vb_10_pp2v8,A6 83 56 D5
Lamborghini Gallardo LP 550-2 Valentino Balboni - Aero Pack,lam_gal_vb_10_pp3v1,2F 40 69 A7
Lamborghini Gallardo LP 550-2 Valentino Balboni - Aero Pack,lam_gal_vb_10_pp3v2,10 4B 3E 2A
Lamborghini Gallardo LP 550-2 Valentino Balboni - Aero Pack,lam_gal_vb_10_pp3v3,43 C3 D6 15
Lamborghini Gallardo LP 550-2 Valentino Balboni - Aero Pack,lam_gal_vb_10_pp3v4,9D 4C 42 54
Lamborghini Gallardo LP 550-2 Valentino Balboni - Aero Pack,lam_gal_vb_10_pp3v5,37 68 69 23
Lamborghini Gallardo LP 550-2 Valentino Balboni - Aero Pack,lam_gal_vb_10_pp3v6,28 AE 97 88
Lamborghini Gallardo LP 550-2 Valentino Balboni - Aero Pack,lam_gal_vb_10_pp3v7,5D 31 F3 12
Lamborghini Gallardo LP 550-2 Valentino Balboni - Aero Pack,lam_gal_vb_10_pp3v8,14 DB E8 D4
Lamborghini Miura SV,lam_miu_sv_71_pp_stock_1,29 7C 0C B3
Lamborghini Miura SV,lam_miu_sv_71_pp_stock_2,60 B6 7C 24
Lamborghini Miura SV,lam_miu_sv_71_pp_stock_3,45 20 B4 D4
Lamborghini Miura SV,lam_miu_sv_71_pp_stock_4,4C 76 E9 05
Lamborghini Miura SV,lam_miu_sv_71_pp_stock_5,FF 1D 97 EB
Lamborghini Miura SV,lam_miu_sv_71_pp_stock_6,2D 3D A2 90
Lamborghini Miura SV,lam_miu_sv_71_pp_stock_7,EE 51 3B FB
Lamborghini Miura SV,lam_miu_sv_71_pp_stock_8,7C 02 F2 B4
Lamborghini Miura SV - Style Pack 1,lam_miu_sv_71_pp1v1,29 47 D1 1A
Lamborghini Miura SV - Style Pack 1,lam_miu_sv_71_pp1v2,43 92 E5 FC
Lamborghini Miura SV - Style Pack 1,lam_miu_sv_71_pp1v3,F4 E9 E9 5F
Lamborghini Miura SV - Style Pack 1,lam_miu_sv_71_pp1v4,0C B4 75 B4
Lamborghini Miura SV - Style Pack 1,lam_miu_sv_71_pp1v5,7D 54 6D 69
Lamborghini Miura SV - Style Pack 1,lam_miu_sv_71_pp1v6,D4 F1 A5 31
Lamborghini Miura SV - Style Pack 1,lam_miu_sv_71_pp1v7,10 B9 19 A4
Lamborghini Miura SV - Style Pack 1,lam_miu_sv_71_pp1v8,16 EB AD BE
Lamborghini Miura SV - Jota Style Pack,lam_miu_sv_71_pp2v1,1C DF EB 99
Lamborghini Miura SV - Jota Style Pack,lam_miu_sv_71_pp2v2,84 08 4B E7
Lamborghini Miura SV - Jota Style Pack,lam_miu_sv_71_pp2v3,2D A1 6A 98
Lamborghini Miura SV - Jota Style Pack,lam_miu_sv_71_pp2v4,32 A6 F9 BA
Lamborghini Miura SV - Jota Style Pack,lam_miu_sv_71_pp2v5,57 14 01 60
Lamborghini Miura SV - Jota Style Pack,lam_miu_sv_71_pp2v6,92 D6 3F BA
Lamborghini Miura SV - Jota Style Pack,lam_miu_sv_71_pp2v7,0C 08 F8 87
Lamborghini Miura SV - Jota Style Pack,lam_miu_sv_71_pp2v8,AB C9 22 9E
Lamborghini Murciélago LP 670-4 SV - Signature Edition,lam_mur_sv_10_pp_rare_1,B7 1B 1E AA
Lamborghini Murciélago LP 670-4 SV,lam_mur_sv_10_pp_stock_1,DC 7F 36 19
Lamborghini Murciélago LP 670-4 SV,lam_mur_sv_10_pp_stock_2,07 6C 6A 45
Lamborghini Murciélago LP 670-4 SV,lam_mur_sv_10_pp_stock_3,B0 34 ED 9A
Lamborghini Murciélago LP 670-4 SV,lam_mur_sv_10_pp_stock_4,64 42 44 C2
Lamborghini Murciélago LP 670-4 SV,lam_mur_sv_10_pp_stock_5,A4 FC AB E5
Lamborghini Murciélago LP 670-4 SV,lam_mur_sv_10_pp_stock_6,44 D6 3B 7E
Lamborghini Murciélago LP 670-4 SV,lam_mur_sv_10_pp_stock_7,AF BA 1E 9C
Lamborghini Murciélago LP 670-4 SV,lam_mur_sv_10_pp_stock_8,B5 D4 93 BF
Lamborghini Murciélago LP 670-4 SV - Style Pack 1,lam_mur_sv_10_pp1v1,D6 88 07 CA
Lamborghini Murciélago LP 670-4 SV - Style Pack 1,lam_mur_sv_10_pp1v2,93 62 58 75
Lamborghini Murciélago LP 670-4 SV - Style Pack 1,lam_mur_sv_10_pp1v3,C7 EB 40 95
Lamborghini Murciélago LP 670-4 SV - Style Pack 1,lam_mur_sv_10_pp1v4,A7 36 A7 13
Lamborghini Murciélago LP 670-4 SV - Style Pack 1,lam_mur_sv_10_pp1v5,AF D9 A9 FC
Lamborghini Murciélago LP 670-4 SV - Style Pack 1,lam_mur_sv_10_pp1v6,1B E5 A8 FA
Lamborghini Murciélago LP 670-4 SV - Style Pack 1,lam_mur_sv_10_pp1v7,AB 83 F5 CF
Lamborghini Murciélago LP 670-4 SV - Style Pack 1,lam_mur_sv_10_pp1v8,4D 9A 6D 5D
Lamborghini Murciélago LP 670-4 SV - Aero Pack,lam_mur_sv_10_pp2v1,1E E2 4E C7
Lamborghini Murciélago LP 670-4 SV - Aero Pack,lam_mur_sv_10_pp2v2,E9 21 DB 7A
Lamborghini Murciélago LP 670-4 SV - Aero Pack,lam_mur_sv_10_pp2v3,DF 14 BB 94
Lamborghini Murciélago LP 670-4 SV - Aero Pack,lam_mur_sv_10_pp2v4,D6 18 C5 F2
Lamborghini Murciélago LP 670-4 SV - Aero Pack,lam_mur_sv_10_pp2v5,1E BB 6F 8A
Lamborghini Murciélago LP 670-4 SV - Aero Pack,lam_mur_sv_10_pp2v6,73 7B 7E 27
Lamborghini Murciélago LP 670-4 SV - Aero Pack,lam_mur_sv_10_pp2v7,77 50 F5 27
Lamborghini Murciélago LP 670-4 SV - Aero Pack,lam_mur_sv_10_pp2v8,08 A6 3D 5F
Lamborghini Sesto Elemento - Signature Edition,lam_ses_ele_11_pp_rare_1,91 75 DD 3C
Lamborghini Sesto Elemento,lam_ses_ele_11_pp_stock_1,3F 96 10 B5
Lamborghini Sesto Elemento - Style Pack 1,lam_ses_ele_11_pp1v1,E1 76 8E 27
Lamborghini Sesto Elemento - Style Pack 1,lam_ses_ele_11_pp1v2,D0 DA C9 8C
Lamborghini Sesto Elemento - Style Pack 1,lam_ses_ele_11_pp1v3,BA 76 C8 79
Lamborghini Sesto Elemento - Style Pack 1,lam_ses_ele_11_pp1v4,D2 EB EE 35
Lamborghini Sesto Elemento - Style Pack 1,lam_ses_ele_11_pp1v5,0E 1E 25 4C
Lamborghini Sesto Elemento - Style Pack 1,lam_ses_ele_11_pp1v6,0F F7 E3 9B
Lamborghini Sesto Elemento - Style Pack 1,lam_ses_ele_11_pp1v7,FD E5 BC 4C
Lamborghini Sesto Elemento - Style Pack 1,lam_ses_ele_11_pp1v8,32 56 CC 68
Lamborghini Sesto Elemento - Super Fast Pack,lam_ses_ele_11_pp2v1,5B 9E 0F 17
Lamborghini Sesto Elemento - Super Fast Pack,lam_ses_ele_11_pp2v2,42 99 05 61
Lamborghini Sesto Elemento - Super Fast Pack,lam_ses_ele_11_pp2v3,DD 21 4C E2
Lamborghini Sesto Elemento - Super Fast Pack,lam_ses_ele_11_pp2v4,2A 4D 7F AD
Lamborghini Sesto Elemento - Super Fast Pack,lam_ses_ele_11_pp2v5,58 53 E7 F4
Lamborghini Sesto Elemento - Super Fast Pack,lam_ses_ele_11_pp2v6,76 45 4A 9F
Lamborghini Sesto Elemento - Super Fast Pack,lam_ses_ele_11_pp2v7,17 07 E9 8D
Lamborghini Sesto Elemento - Super Fast Pack,lam_ses_ele_11_pp2v8,EC 0A F2 90
Lexus LF-A,lex_lfa_stk_10_pp_stock_1,33 CB 0D 4A
Lexus LF-A,lex_lfa_stk_10_pp_stock_2,D2 C0 7B 59
Lexus LF-A,lex_lfa_stk_10_pp_stock_3,71 F4 49 69
Lexus LF-A,lex_lfa_stk_10_pp_stock_4,B7 2C E5 EC
Lexus LF-A,lex_lfa_stk_10_pp_stock_5,4F 49 3D 76
Lexus LF-A,lex_lfa_stk_10_pp_stock_6,96 EE B7 67
Lexus LF-A,lex_lfa_stk_10_pp_stock_7,6B E5 82 77
Lexus LF-A,lex_lfa_stk_10_pp_stock_8,E8 69 8A 90
Lexus LF-A - Style Pack 1,lex_lfa_stk_10_pp1v1,04 8F 5E 6C
Lexus LF-A - Style Pack 1,lex_lfa_stk_10_pp1v2,AE CE A4 F9
Lexus LF-A - Style Pack 1,lex_lfa_stk_10_pp1v3,23 AB 8E DD
Lexus LF-A - Style Pack 1,lex_lfa_stk_10_pp1v4,AD 1E A4 E9
Lexus LF-A - Style Pack 1,lex_lfa_stk_10_pp1v5,37 18 A8 D5
Lexus LF-A - Style Pack 1,lex_lfa_stk_10_pp1v6,F3 17 03 C7
Lexus LF-A - Style Pack 1,lex_lfa_stk_10_pp1v7,5D A0 BE E5
Lexus LF-A - Style Pack 1,lex_lfa_stk_10_pp1v8,93 40 CC 2C
Lotus Evora - Signature Edition,lot_evo_stk_10_pp_rare_1,7A CC 91 6C
Lotus Evora,lot_evo_stk_10_pp_stock_1,24 CC 9F 29
Lotus Evora,lot_evo_stk_10_pp_stock_2,DA DA 01 50
Lotus Evora,lot_evo_stk_10_pp_stock_3,49 D1 14 4F
Lotus Evora,lot_evo_stk_10_pp_stock_4,02 ED F3 B6
Lotus Evora,lot_evo_stk_10_pp_stock_5,37 E8 64 86
Lotus Evora,lot_evo_stk_10_pp_stock_6,AA F2 CD 5E
Lotus Evora,lot_evo_stk_10_pp_stock_7,4E 34 09 5E
Lotus Evora,lot_evo_stk_10_pp_stock_8,06 83 A9 87
Lotus Evora - Style Pack 1,lot_evo_stk_10_pp1v1,77 FC 35 A8
Lotus Evora - Style Pack 1,lot_evo_stk_10_pp1v2,09 7E 85 08
Lotus Evora - Style Pack 1,lot_evo_stk_10_pp1v3,D5 AE 9C 56
Lotus Evora - Style Pack 1,lot_evo_stk_10_pp1v4,D1 C5 6F CA
Lotus Evora - Style Pack 1,lot_evo_stk_10_pp1v5,C9 D5 B3 DF
Lotus Evora - Style Pack 1,lot_evo_stk_10_pp1v6,B9 5D DF 5E
Lotus Evora - Style Pack 1,lot_evo_stk_10_pp1v7,1D B5 E0 37
Lotus Evora - Style Pack 1,lot_evo_stk_10_pp1v8,CF 9F A4 FE
Lotus Evora - Style Pack 2,lot_evo_stk_10_pp2v1,01 5E 2B A0
Lotus Evora - Style Pack 2,lot_evo_stk_10_pp2v2,45 EB B2 2F
Lotus Evora - Style Pack 2,lot_evo_stk_10_pp2v3,A1 56 A8 76
Lotus Evora - Style Pack 2,lot_evo_stk_10_pp2v4,89 1B 54 74
Lotus Evora - Style Pack 2,lot_evo_stk_10_pp2v5,2A 31 88 AA
Lotus Evora - Style Pack 2,lot_evo_stk_10_pp2v6,1D 01 A5 40
Lotus Evora - Style Pack 2,lot_evo_stk_10_pp2v7,41 D8 A4 E6
Lotus Evora - Style Pack 2,lot_evo_stk_10_pp2v8,ED 56 1A 10
Lotus Evora - Track Day Racer Pack,lot_evo_stk_10_pp3v1,AE 88 29 92
Lotus Evora - Track Day Racer Pack,lot_evo_stk_10_pp3v2,63 7B BB 48
Lotus Evora - Track Day Racer Pack,lot_evo_stk_10_pp3v3,C6 A1 13 88
Lotus Evora - Track Day Racer Pack,lot_evo_stk_10_pp3v4,37 84 92 9C
Lotus Evora - Track Day Racer Pack,lot_evo_stk_10_pp3v5,35 BA 79 97
Lotus Evora - Track Day Racer Pack,lot_evo_stk_10_pp3v6,3C 76 1A 3B
Lotus Evora - Track Day Racer Pack,lot_evo_stk_10_pp3v7,88 95 15 4F
Lotus Evora - Track Day Racer Pack,lot_evo_stk_10_pp3v8,47 8D CA 9C
Lotus Exige Cup 260 - NFS Edition,lot_exi_260_10_nfs_e,B4 7A 45 1D
Lotus Exige Cup 260 - Signature Edition,lot_exi_260_10_pp_rare_1,61 C4 D2 01
Lotus Exige Cup 260,lot_exi_260_10_pp_stock_1,8A C3 D7 47
Lotus Exige Cup 260,lot_exi_260_10_pp_stock_2,6F 36 C6 2B
Lotus Exige Cup 260,lot_exi_260_10_pp_stock_3,6F 02 C0 CF
Lotus Exige Cup 260,lot_exi_260_10_pp_stock_4,23 E2 6C 7C
Lotus Exige Cup 260,lot_exi_260_10_pp_stock_5,77 8A 24 F4
Lotus Exige Cup 260,lot_exi_260_10_pp_stock_6,7D 57 B1 FD
Lotus Exige Cup 260,lot_exi_260_10_pp_stock_7,0B 2E 68 82
Lotus Exige Cup 260,lot_exi_260_10_pp_stock_8,5B D6 B0 84
Lotus Exige Cup 260 - Style Pack 1,lot_exi_260_10_pp1v1,49 50 A8 4E
Lotus Exige Cup 260 - Style Pack 1,lot_exi_260_10_pp1v2,0A C8 5B 0F
Lotus Exige Cup 260 - Style Pack 1,lot_exi_260_10_pp1v3,E8 6F C0 41
Lotus Exige Cup 260 - Style Pack 1,lot_exi_260_10_pp1v4,36 4C 9A B0
Lotus Exige Cup 260 - Style Pack 1,lot_exi_260_10_pp1v5,47 9D 96 E6
Lotus Exige Cup 260 - Style Pack 1,lot_exi_260_10_pp1v6,E3 21 35 BB
Lotus Exige Cup 260 - Style Pack 1,lot_exi_260_10_pp1v7,5D F0 6B 8B
Lotus Exige Cup 260 - Style Pack 1,lot_exi_260_10_pp1v8,AB 35 3E FB
Lotus Exige Cup 260 - Track Day Racer Pack,lot_exi_260_10_pp2v1,90 A6 3A 8C
Lotus Exige Cup 260 - Track Day Racer Pack,lot_exi_260_10_pp2v2,86 F2 49 6B
Lotus Exige Cup 260 - Track Day Racer Pack,lot_exi_260_10_pp2v3,05 29 92 3A
Lotus Exige Cup 260 - Track Day Racer Pack,lot_exi_260_10_pp2v4,21 3E CC B9
Lotus Exige Cup 260 - Track Day Racer Pack,lot_exi_260_10_pp2v5,46 09 1D 21
Lotus Exige Cup 260 - Track Day Racer Pack,lot_exi_260_10_pp2v6,A6 BD F9 ED
Lotus Exige Cup 260 - Track Day Racer Pack,lot_exi_260_10_pp2v7,5E 18 4C CA
Lotus Exige Cup 260 - Track Day Racer Pack,lot_exi_260_10_pp2v8,DB BD AF 25
Lotus Exige Cup 260 - Time Attack Pack,lot_exi_260_10_pp3v1,4D D2 A1 04
Lotus Exige Cup 260 - Time Attack Pack,lot_exi_260_10_pp3v2,7C 0A 06 AC
Lotus Exige Cup 260 - Time Attack Pack,lot_exi_260_10_pp3v3,FB 52 61 3A
Lotus Exige Cup 260 - Time Attack Pack,lot_exi_260_10_pp3v4,09 58 0A 5D
Lotus Exige Cup 260 - Time Attack Pack,lot_exi_260_10_pp3v5,9F C7 3E A4
Lotus Exige Cup 260 - Time Attack Pack,lot_exi_260_10_pp3v6,71 D1 1D 4E
Lotus Exige Cup 260 - Time Attack Pack,lot_exi_260_10_pp3v7,10 E4 56 0A
Lotus Exige Cup 260 - Time Attack Pack,lot_exi_260_10_pp3v8,2F 77 FB 13
Mazda MX-5 - NFS Edition,maz_mx5_rht_09_nfs_e,F6 FE A7 C1
Mazda MX-5,maz_mx5_rht_09_pp_stock_1,08 89 F5 87
Mazda MX-5,maz_mx5_rht_09_pp_stock_2,57 A7 B2 17
Mazda MX-5,maz_mx5_rht_09_pp_stock_3,7A AD B6 28
Mazda MX-5,maz_mx5_rht_09_pp_stock_4,2B E2 AB 03
Mazda MX-5,maz_mx5_rht_09_pp_stock_5,80 0F 07 B1
Mazda MX-5,maz_mx5_rht_09_pp_stock_6,64 F1 8F 08
Mazda MX-5,maz_mx5_rht_09_pp_stock_7,ED C6 EF D5
Mazda MX-5,maz_mx5_rht_09_pp_stock_8,56 DC D1 EB
Mazda MX-5 - Style Pack 1,maz_mx5_rht_09_pp1v1,72 98 FD E3
Mazda MX-5 - Style Pack 1,maz_mx5_rht_09_pp1v2,C5 F4 28 FA
Mazda MX-5 - Style Pack 1,maz_mx5_rht_09_pp1v3,79 15 B8 99
Mazda MX-5 - Style Pack 1,maz_mx5_rht_09_pp1v4,5B 8F 65 F4
Mazda MX-5 - Style Pack 1,maz_mx5_rht_09_pp1v5,2E CB 3A 3D
Mazda MX-5 - Style Pack 1,maz_mx5_rht_09_pp1v6,9C 9D 23 3E
Mazda MX-5 - Style Pack 1,maz_mx5_rht_09_pp1v7,FF F4 CF 5A
Mazda MX-5 - Style Pack 1,maz_mx5_rht_09_pp1v8,94 BD F3 79
Mazda MX-5 - Style Pack 2,maz_mx5_rht_09_pp2v1,EB 16 47 FC
Mazda MX-5 - Style Pack 2,maz_mx5_rht_09_pp2v2,57 DD D6 9D
Mazda MX-5 - Style Pack 2,maz_mx5_rht_09_pp2v3,26 05 77 A4
Mazda MX-5 - Style Pack 2,maz_mx5_rht_09_pp2v4,CC 59 85 E7
Mazda MX-5 - Style Pack 2,maz_mx5_rht_09_pp2v5,CA 18 C0 8A
Mazda MX-5 - Style Pack 2,maz_mx5_rht_09_pp2v6,EC C5 6C 76
Mazda MX-5 - Style Pack 2,maz_mx5_rht_09_pp2v7,C8 50 19 90
Mazda MX-5 - Style Pack 2,maz_mx5_rht_09_pp2v8,09 28 3A A4
Mazda MX-5 - Tuner pack,maz_mx5_rht_09_pp3v1,3C 2D D8 C4
Mazda MX-5 - Tuner pack,maz_mx5_rht_09_pp3v2,8F CF DF 5C
Mazda MX-5 - Tuner pack,maz_mx5_rht_09_pp3v3,AF 59 B2 4A
Mazda MX-5 - Tuner pack,maz_mx5_rht_09_pp3v4,35 D9 06 89
Mazda MX-5 - Tuner pack,maz_mx5_rht_09_pp3v5,D7 B7 F1 D3
Mazda MX-5 - Tuner pack,maz_mx5_rht_09_pp3v6,B4 8D 53 D8
Mazda MX-5 - Tuner pack,maz_mx5_rht_09_pp3v7,DF 14 39 7A
Mazda MX-5 - Tuner pack,maz_mx5_rht_09_pp3v8,5F 27 D5 D8
Mazda RX-7 RZ - NFS Edition,maz_rx7_rz_98_nfs_e,74 C0 91 1F
Mazda RX-7 RZ - Signature Edition,maz_rx7_rz_98_pp_rare_1,AA AF 39 A0
Mazda RX-7 RZ,maz_rx7_rz_98_pp_stock_1,D6 73 70 47
Mazda RX-7 RZ,maz_rx7_rz_98_pp_stock_2,1E 52 BB 6B
Mazda RX-7 RZ,maz_rx7_rz_98_pp_stock_3,E1 3B 0F 52
Mazda RX-7 RZ,maz_rx7_rz_98_pp_stock_4,D6 4B BC AB
Mazda RX-7 RZ,maz_rx7_rz_98_pp_stock_5,3D BC A7 5E
Mazda RX-7 RZ,maz_rx7_rz_98_pp_stock_6,4A DF E7 71
Mazda RX-7 RZ,maz_rx7_rz_98_pp_stock_7,61 02 DA E1
Mazda RX-7 RZ,maz_rx7_rz_98_pp_stock_8,EF CF 52 7E
Mazda RX-7 RZ - Style Pack 1,maz_rx7_rz_98_pp1v1,FB 72 A5 FD
Mazda RX-7 RZ - Style Pack 1,maz_rx7_rz_98_pp1v2,64 FB FC 5A
Mazda RX-7 RZ - Style Pack 1,maz_rx7_rz_98_pp1v3,D9 11 73 09
Mazda RX-7 RZ - Style Pack 1,maz_rx7_rz_98_pp1v4,17 37 73 AC
Mazda RX-7 RZ - Style Pack 1,maz_rx7_rz_98_pp1v5,B1 58 8C D1
Mazda RX-7 RZ - Style Pack 1,maz_rx7_rz_98_pp1v6,1F 50 F4 2D
Mazda RX-7 RZ - Style Pack 1,maz_rx7_rz_98_pp1v7,7F 6D 90 28
Mazda RX-7 RZ - Style Pack 1,maz_rx7_rz_98_pp1v8,D4 52 C2 7D
Mazda RX-7 RZ - Style Pack 2,maz_rx7_rz_98_pp2v1,5A 29 48 DF
Mazda RX-7 RZ - Style Pack 2,maz_rx7_rz_98_pp2v2,11 EC D1 D9
Mazda RX-7 RZ - Style Pack 2,maz_rx7_rz_98_pp2v3,A5 DF 94 5A
Mazda RX-7 RZ - Style Pack 2,maz_rx7_rz_98_pp2v4,E5 AE DF 00
Mazda RX-7 RZ - Style Pack 2,maz_rx7_rz_98_pp2v5,B8 0F 2B B0
Mazda RX-7 RZ - Style Pack 2,maz_rx7_rz_98_pp2v6,78 B9 DC 68
Mazda RX-7 RZ - Style Pack 2,maz_rx7_rz_98_pp2v7,04 0E 7A F3
Mazda RX-7 RZ - Style Pack 2,maz_rx7_rz_98_pp2v8,1D FE 8D A3
Mazda RX-7 RZ - Time Attack Pack,maz_rx7_rz_98_pp3v1,54 CB 2F E6
Mazda RX-7 RZ - Time Attack Pack,maz_rx7_rz_98_pp3v2,40 39 F6 A5
Mazda RX-7 RZ - Time Attack Pack,maz_rx7_rz_98_pp3v3,74 B3 75 1B
Mazda RX-7 RZ - Time Attack Pack,maz_rx7_rz_98_pp3v4,7F 8E 19 AA
Mazda RX-7 RZ - Time Attack Pack,maz_rx7_rz_98_pp3v5,4F 5C 13 A1
Mazda RX-7 RZ - Time Attack Pack,maz_rx7_rz_98_pp3v6,A9 71 09 FE
Mazda RX-7 RZ - Time Attack Pack,maz_rx7_rz_98_pp3v7,1C 0D A4 0D
Mazda RX-7 RZ - Time Attack Pack,maz_rx7_rz_98_pp3v8,FD 29 D1 1F
McLaren F1,mcl_f1_stk_94_pp_stock_1,FB E1 BC B7
McLaren F1,mcl_f1_stk_94_pp_stock_2,C5 AD CF 6D
McLaren F1,mcl_f1_stk_94_pp_stock_3,31 33 68 D6
McLaren F1,mcl_f1_stk_94_pp_stock_4,75 98 D4 78
McLaren F1,mcl_f1_stk_94_pp_stock_5,7D 66 19 F2
McLaren F1,mcl_f1_stk_94_pp_stock_6,C3 2F C0 C3
McLaren F1,mcl_f1_stk_94_pp_stock_7,62 8F BD EC
McLaren F1,mcl_f1_stk_94_pp_stock_8,DA 1F 71 82
McLaren F1 - Style Pack 1,mcl_f1_stk_94_pp1v1,C3 68 75 82
McLaren F1 - Style Pack 1,mcl_f1_stk_94_pp1v2,14 02 87 00
McLaren F1 - Style Pack 1,mcl_f1_stk_94_pp1v3,6C F0 CA 97
McLaren F1 - Style Pack 1,mcl_f1_stk_94_pp1v4,1E 08 74 FA
McLaren F1 - Style Pack 1,mcl_f1_stk_94_pp1v5,7A 4C 3D C5
McLaren F1 - Style Pack 1,mcl_f1_stk_94_pp1v6,97 E1 4D E0
McLaren F1 - Style Pack 1,mcl_f1_stk_94_pp1v7,DB A6 C3 2B
McLaren F1 - Style Pack 1,mcl_f1_stk_94_pp1v8,C7 BA 31 F7
McLaren F1 - Aero Pack,mcl_f1_stk_94_pp2v1,D9 9E C0 CD
McLaren F1 - Aero Pack,mcl_f1_stk_94_pp2v2,85 56 95 A2
McLaren F1 - Aero Pack,mcl_f1_stk_94_pp2v3,E1 31 24 99
McLaren F1 - Aero Pack,mcl_f1_stk_94_pp2v4,19 A3 B1 0A
McLaren F1 - Aero Pack,mcl_f1_stk_94_pp2v5,78 36 C2 A6
McLaren F1 - Aero Pack,mcl_f1_stk_94_pp2v6,CF 21 7B FE
McLaren F1 - Aero Pack,mcl_f1_stk_94_pp2v7,BA E5 43 50
McLaren F1 - Aero Pack,mcl_f1_stk_94_pp2v8,93 26 C1 E8
McLaren MP4-12C - NFS Edition,mcl_mp4_12c_12_nfs_e,B4 4B 99 E1
McLaren MP4-12C - Signature Edition,mcl_mp4_12c_12_pp_rare_1,23 7C 23 81
McLaren MP4-12C,mcl_mp4_12c_12_pp_stock_1,F7 F8 73 9E
McLaren MP4-12C,mcl_mp4_12c_12_pp_stock_2,3B E8 F7 F9
McLaren MP4-12C,mcl_mp4_12c_12_pp_stock_3,25 5F 84 60
McLaren MP4-12C,mcl_mp4_12c_12_pp_stock_4,C9 06 02 38
McLaren MP4-12C,mcl_mp4_12c_12_pp_stock_5,0B 20 37 77
McLaren MP4-12C,mcl_mp4_12c_12_pp_stock_6,17 26 F4 B1
McLaren MP4-12C,mcl_mp4_12c_12_pp_stock_7,FC 34 27 5F
McLaren MP4-12C,mcl_mp4_12c_12_pp_stock_8,E9 B5 3A C0
McLaren MP4-12C - Style Pack 1,mcl_mp4_12c_12_pp1v1,33 E7 A0 BA
McLaren MP4-12C - Style Pack 1,mcl_mp4_12c_12_pp1v2,EB 93 FA FF
McLaren MP4-12C - Style Pack 1,mcl_mp4_12c_12_pp1v3,C1 2B C6 E9
McLaren MP4-12C - Style Pack 1,mcl_mp4_12c_12_pp1v4,C5 29 02 3F
McLaren MP4-12C - Style Pack 1,mcl_mp4_12c_12_pp1v5,11 D8 66 BB
McLaren MP4-12C - Style Pack 1,mcl_mp4_12c_12_pp1v6,97 7C E9 CE
McLaren MP4-12C - Style Pack 1,mcl_mp4_12c_12_pp1v7,49 6C C5 07
McLaren MP4-12C - Style Pack 1,mcl_mp4_12c_12_pp1v8,AE 3C 53 F3
McLaren MP4-12C - Racer Pack,mcl_mp4_12c_12_pp2v1,03 0C 76 97
McLaren MP4-12C - Racer Pack,mcl_mp4_12c_12_pp2v2,F7 1D 7A 05
McLaren MP4-12C - Racer Pack,mcl_mp4_12c_12_pp2v3,92 7B AC 3C
McLaren MP4-12C - Racer Pack,mcl_mp4_12c_12_pp2v4,39 45 9C B3
McLaren MP4-12C - Racer Pack,mcl_mp4_12c_12_pp2v5,9C B6 C9 47
McLaren MP4-12C - Racer Pack,mcl_mp4_12c_12_pp2v6,5F C8 AE D4
McLaren MP4-12C - Racer Pack,mcl_mp4_12c_12_pp2v7,D2 EA D9 29
McLaren MP4-12C - Racer Pack,mcl_mp4_12c_12_pp2v8,85 D7 9A 5E
Mercedes-Benz SLS AMG - Signature Ediiton,mer_sls_amg_10_adsales_1,5D BB 9D 63
Mercedes-Benz SLS AMG - NFS Edition,mer_sls_amg_10_nfs_e,F9 69 C3 36
Mercedes-Benz SLS AMG - Signature Ediiton,mer_sls_amg_10_pp_rare_1,8D B6 D3 ED
Mercedes-Benz SLS AMG,mer_sls_amg_10_pp_stock_1,18 2E 56 8E
Mercedes-Benz SLS AMG,mer_sls_amg_10_pp_stock_2,B6 56 E3 0C
Mercedes-Benz SLS AMG,mer_sls_amg_10_pp_stock_3,70 98 F4 B1
Mercedes-Benz SLS AMG,mer_sls_amg_10_pp_stock_4,89 48 87 7F
Mercedes-Benz SLS AMG,mer_sls_amg_10_pp_stock_5,15 64 80 57
Mercedes-Benz SLS AMG,mer_sls_amg_10_pp_stock_6,57 96 86 28
Mercedes-Benz SLS AMG,mer_sls_amg_10_pp_stock_7,8E 91 62 1A
Mercedes-Benz SLS AMG,mer_sls_amg_10_pp_stock_8,A6 56 DF C4
Mercedes-Benz SLS AMG - Style Pack 1,mer_sls_amg_10_pp1v1,D3 BC 31 BB
Mercedes-Benz SLS AMG - Style Pack 1,mer_sls_amg_10_pp1v2,5B 7C 54 A4
Mercedes-Benz SLS AMG - Style Pack 1,mer_sls_amg_10_pp1v3,33 90 3A 09
Mercedes-Benz SLS AMG - Style Pack 1,mer_sls_amg_10_pp1v4,4E FE AF 5E
Mercedes-Benz SLS AMG - Style Pack 1,mer_sls_amg_10_pp1v5,D2 D9 47 6E
Mercedes-Benz SLS AMG - Style Pack 1,mer_sls_amg_10_pp1v6,EF 6F 28 3C
Mercedes-Benz SLS AMG - Style Pack 1,mer_sls_amg_10_pp1v7,54 EF 76 B3
Mercedes-Benz SLS AMG - Style Pack 1,mer_sls_amg_10_pp1v8,72 8D AC C9
Mercedes-Benz SLS AMG - Circuit Racer Pack,mer_sls_amg_10_pp2v1,28 DB 59 49
Mercedes-Benz SLS AMG - Circuit Racer Pack,mer_sls_amg_10_pp2v2,9B 26 C8 DE
Mercedes-Benz SLS AMG - Circuit Racer Pack,mer_sls_amg_10_pp2v3,48 23 63 15
Mercedes-Benz SLS AMG - Circuit Racer Pack,mer_sls_amg_10_pp2v4,69 BE 3D 24
Mercedes-Benz SLS AMG - Circuit Racer Pack,mer_sls_amg_10_pp2v5,2A 1A A8 81
Mercedes-Benz SLS AMG - Circuit Racer Pack,mer_sls_amg_10_pp2v6,26 9C 02 D5
Mercedes-Benz SLS AMG - Circuit Racer Pack,mer_sls_amg_10_pp2v7,EB B8 B6 41
Mercedes-Benz SLS AMG - Circuit Racer Pack,mer_sls_amg_10_pp2v8,52 0B 22 D6
Mercedes-Benz SLS AMG - Signature Ediiton,mer_sls_amg_10_rival,23 8F B9 C8
Mitsubishi Lancer Evolution X,mit_evo_x_08_nfs_e,33 2B 9E 88
Mitsubishi Lancer Evolution X,mit_evo_x_08_pp_stock_1,FB BC 0F B3
Mitsubishi Lancer Evolution X,mit_evo_x_08_pp_stock_2,91 E6 77 2E
Mitsubishi Lancer Evolution X,mit_evo_x_08_pp_stock_3,08 CF F5 FA
Mitsubishi Lancer Evolution X,mit_evo_x_08_pp_stock_4,C1 EA 19 18
Mitsubishi Lancer Evolution X,mit_evo_x_08_pp_stock_5,08 11 CD E0
Mitsubishi Lancer Evolution X,mit_evo_x_08_pp_stock_6,5A 13 B5 EB
Mitsubishi Lancer Evolution X,mit_evo_x_08_pp_stock_7,41 05 1A 00
Mitsubishi Lancer Evolution X,mit_evo_x_08_pp_stock_8,F1 4A 15 F5
Mitsubishi Lancer Evolution X - Style Pack 1,mit_evo_x_08_pp1v1,54 9D D1 F0
Mitsubishi Lancer Evolution X - Style Pack 1,mit_evo_x_08_pp1v2,1E F7 74 46
Mitsubishi Lancer Evolution X - Style Pack 1,mit_evo_x_08_pp1v3,5E B5 4C 86
Mitsubishi Lancer Evolution X - Style Pack 1,mit_evo_x_08_pp1v4,86 3B 69 2E
Mitsubishi Lancer Evolution X - Style Pack 1,mit_evo_x_08_pp1v5,3D 32 F7 96
Mitsubishi Lancer Evolution X - Style Pack 1,mit_evo_x_08_pp1v6,5F 99 E9 30
Mitsubishi Lancer Evolution X - Style Pack 1,mit_evo_x_08_pp1v7,83 E6 93 3C
Mitsubishi Lancer Evolution X - Style Pack 1,mit_evo_x_08_pp1v8,F2 65 2C 95
Mitsubishi Lancer Evolution X - Time Attack Pack,mit_evo_x_08_pp2v1,42 53 E7 02
Mitsubishi Lancer Evolution X - Time Attack Pack,mit_evo_x_08_pp2v2,A8 15 09 85
Mitsubishi Lancer Evolution X - Time Attack Pack,mit_evo_x_08_pp2v3,64 49 9A 61
Mitsubishi Lancer Evolution X - Time Attack Pack,mit_evo_x_08_pp2v4,80 4F DE 74
Mitsubishi Lancer Evolution X - Time Attack Pack,mit_evo_x_08_pp2v5,47 BE 44 B1
Mitsubishi Lancer Evolution X - Time Attack Pack,mit_evo_x_08_pp2v6,C5 2E A1 78
Mitsubishi Lancer Evolution X - Time Attack Pack,mit_evo_x_08_pp2v7,1D 32 C2 45
Mitsubishi Lancer Evolution X - Time Attack Pack,mit_evo_x_08_pp2v8,FA C7 6C 59
Mitsubishi Lancer Evolution X - Aero Pack,mit_evo_x_08_pp3v1,1E CD F9 11
Mitsubishi Lancer Evolution X - Aero Pack,mit_evo_x_08_pp3v2,C9 08 11 DE
Mitsubishi Lancer Evolution X - Aero Pack,mit_evo_x_08_pp3v3,BF 05 BB 7B
Mitsubishi Lancer Evolution X - Aero Pack,mit_evo_x_08_pp3v4,2D D9 1B 7E
Mitsubishi Lancer Evolution X - Aero Pack,mit_evo_x_08_pp3v5,2D A9 26 11
Mitsubishi Lancer Evolution X - Aero Pack,mit_evo_x_08_pp3v6,26 AE 8D 75
Mitsubishi Lancer Evolution X - Aero Pack,mit_evo_x_08_pp3v7,30 31 41 7A
Mitsubishi Lancer Evolution X - Aero Pack,mit_evo_x_08_pp3v8,A5 18 2D 45
Nissan Fairlady 240ZG (S30) - Signature Edition,nis_240_zg_71_marketing_1,38 FF E3 B2
Nissan Fairlady 240ZG (S30) - Signature Edition,nis_240_zg_71_pp_rare_1,6B AC 5E F7
Nissan Fairlady 240ZG (S30) - NFS Edition,nis_240_zg_71_pp_run,A1 8F CC C1
Nissan Fairlady 240ZG (S30),nis_240_zg_71_pp_stock_1,B0 D9 E5 6A
Nissan Fairlady 240ZG (S30),nis_240_zg_71_pp_stock_2,2A B1 C9 9F
Nissan Fairlady 240ZG (S30),nis_240_zg_71_pp_stock_3,49 93 89 62
Nissan Fairlady 240ZG (S30),nis_240_zg_71_pp_stock_4,3C 5D 97 7D
Nissan Fairlady 240ZG (S30),nis_240_zg_71_pp_stock_5,E2 E7 62 0A
Nissan Fairlady 240ZG (S30),nis_240_zg_71_pp_stock_6,D5 BA 71 77
Nissan Fairlady 240ZG (S30),nis_240_zg_71_pp_stock_7,FA AA 2C B6
Nissan Fairlady 240ZG (S30),nis_240_zg_71_pp_stock_8,A6 19 FA 8C
Nissan Fairlady 240ZG (S30) - Style Pack 1,nis_240_zg_71_pp1v1,64 F8 F5 3C
Nissan Fairlady 240ZG (S30) - Style Pack 1,nis_240_zg_71_pp1v2,FF 90 DF AE
Nissan Fairlady 240ZG (S30) - Style Pack 1,nis_240_zg_71_pp1v3,09 91 99 0D
Nissan Fairlady 240ZG (S30) - Style Pack 1,nis_240_zg_71_pp1v4,28 09 E4 81
Nissan Fairlady 240ZG (S30) - Style Pack 1,nis_240_zg_71_pp1v5,05 63 A1 E4
Nissan Fairlady 240ZG (S30) - Style Pack 1,nis_240_zg_71_pp1v6,86 E4 CD 25
Nissan Fairlady 240ZG (S30) - Style Pack 1,nis_240_zg_71_pp1v7,1C 10 19 34
Nissan Fairlady 240ZG (S30) - Style Pack 1,nis_240_zg_71_pp1v8,C1 3F 75 F0
Nissan Fairlady 240ZG (S30) - Retro Racer Pack,nis_240_zg_71_pp2v1,B7 4D 4A 4E
Nissan Fairlady 240ZG (S30) - Retro Racer Pack,nis_240_zg_71_pp2v2,F6 CF 05 04
Nissan Fairlady 240ZG (S30) - Retro Racer Pack,nis_240_zg_71_pp2v3,75 79 76 AC
Nissan Fairlady 240ZG (S30) - Retro Racer Pack,nis_240_zg_71_pp2v4,D4 D8 8D C1
Nissan Fairlady 240ZG (S30) - Retro Racer Pack,nis_240_zg_71_pp2v5,AE 8F B2 D2
Nissan Fairlady 240ZG (S30) - Retro Racer Pack,nis_240_zg_71_pp2v6,AC BE 4A 65
Nissan Fairlady 240ZG (S30) - Retro Racer Pack,nis_240_zg_71_pp2v7,BC C1 B8 4D
Nissan Fairlady 240ZG (S30) - Retro Racer Pack,nis_240_zg_71_pp2v8,E4 D6 66 AF
Nissan 370Z (Z34) - Signature Edition,nis_370_z_09_adsales_1,8F 5F 3C 19
Nissan 370Z (Z34) - Signature Edition,nis_370_z_09_pp_rare_1,9F 5E 62 2F
Nissan 370Z (Z34) - Signature Edition,nis_370_z_09_pp_rival_1,B0 F8 D5 FB
Nissan 370Z (Z34) - Signature Edition,nis_370_z_09_pp_rival_2,A7 FD 3F 80
Nissan 370Z (Z34),nis_370_z_09_pp_stock_1,75 52 98 C0
Nissan 370Z (Z34),nis_370_z_09_pp_stock_2,94 23 56 9E
Nissan 370Z (Z34),nis_370_z_09_pp_stock_3,85 29 44 E5
Nissan 370Z (Z34),nis_370_z_09_pp_stock_4,C8 B9 29 7F
Nissan 370Z (Z34),nis_370_z_09_pp_stock_5,37 73 B5 97
Nissan 370Z (Z34),nis_370_z_09_pp_stock_6,60 A3 FC 1C
Nissan 370Z (Z34),nis_370_z_09_pp_stock_7,04 6E C6 DA
Nissan 370Z (Z34),nis_370_z_09_pp_stock_8,08 B3 30 10
Nissan 370Z (Z34) - Style Pack 1,nis_370_z_09_pp1v1,80 54 EC CF
Nissan 370Z (Z34) - Style Pack 1,nis_370_z_09_pp1v2,C4 A1 79 45
Nissan 370Z (Z34) - Style Pack 1,nis_370_z_09_pp1v3,6D 3C A1 AD
Nissan 370Z (Z34) - Style Pack 1,nis_370_z_09_pp1v4,F6 A7 BC C9
Nissan 370Z (Z34) - Style Pack 1,nis_370_z_09_pp1v5,C2 AC BB EC
Nissan 370Z (Z34) - Style Pack 1,nis_370_z_09_pp1v6,8C C8 D9 74
Nissan 370Z (Z34) - Style Pack 1,nis_370_z_09_pp1v7,3B 73 7B 78
Nissan 370Z (Z34) - Style Pack 1,nis_370_z_09_pp1v8,E3 2B 2B B0
Nissan 370Z (Z34) - Style Pack 2,nis_370_z_09_pp2v1,22 13 AC 1E
Nissan 370Z (Z34) - Style Pack 2,nis_370_z_09_pp2v2,86 18 1A 82
Nissan 370Z (Z34) - Style Pack 2,nis_370_z_09_pp2v3,DA 29 5A EB
Nissan 370Z (Z34) - Style Pack 2,nis_370_z_09_pp2v4,BF 43 10 E8
Nissan 370Z (Z34) - Style Pack 2,nis_370_z_09_pp2v5,AD 0E 3F 89
Nissan 370Z (Z34) - Style Pack 2,nis_370_z_09_pp2v6,62 39 1C 5E
Nissan 370Z (Z34) - Style Pack 2,nis_370_z_09_pp2v7,85 66 3E ED
Nissan 370Z (Z34) - Style Pack 2,nis_370_z_09_pp2v8,F2 6A 07 F8
Nissan 370Z (Z34) - Aero Pack,nis_370_z_09_pp3v1,E0 10 A3 A4
Nissan 370Z (Z34) - Aero Pack,nis_370_z_09_pp3v2,28 26 44 46
Nissan 370Z (Z34) - Aero Pack,nis_370_z_09_pp3v3,63 AA 57 72
Nissan 370Z (Z34) - Aero Pack,nis_370_z_09_pp3v4,8B BB DE BA
Nissan 370Z (Z34) - Aero Pack,nis_370_z_09_pp3v5,38 9A E7 EE
Nissan 370Z (Z34) - Aero Pack,nis_370_z_09_pp3v6,27 7B 30 CE
Nissan 370Z (Z34) - Aero Pack,nis_370_z_09_pp3v7,C9 6D 3C 58
Nissan 370Z (Z34) - Aero Pack,nis_370_z_09_pp3v8,AB 85 46 43
Nissan 370Z (Z34) - Signature Edition,nis_370_z_09_presale_1,4C 18 0B 57
Nissan Skyline GT-R (R32) - Signature Edition,nis_gtr_r32_91_pp_rare_1,DC 76 49 4C
Nissan Skyline GT-R (R32),nis_gtr_r32_91_pp_stock_1,F2 36 B4 DB
Nissan Skyline GT-R (R32),nis_gtr_r32_91_pp_stock_2,81 BD 1B DC
Nissan Skyline GT-R (R32),nis_gtr_r32_91_pp_stock_3,AC D3 7C D9
Nissan Skyline GT-R (R32),nis_gtr_r32_91_pp_stock_4,4C 59 13 D9
Nissan Skyline GT-R (R32),nis_gtr_r32_91_pp_stock_5,6D 46 A0 15
Nissan Skyline GT-R (R32),nis_gtr_r32_91_pp_stock_6,FB FE 4A 8D
Nissan Skyline GT-R (R32),nis_gtr_r32_91_pp_stock_7,F3 F0 86 90
Nissan Skyline GT-R (R32),nis_gtr_r32_91_pp_stock_8,C0 11 52 8F
Nissan Skyline GT-R (R32) - Style Pack 1,nis_gtr_r32_91_pp1v1,BD C7 46 06
Nissan Skyline GT-R (R32) - Style Pack 1,nis_gtr_r32_91_pp1v2,05 B8 95 B0
Nissan Skyline GT-R (R32) - Style Pack 1,nis_gtr_r32_91_pp1v3,0B AA 36 FA
Nissan Skyline GT-R (R32) - Style Pack 1,nis_gtr_r32_91_pp1v4,59 8B BF 17
Nissan Skyline GT-R (R32) - Style Pack 1,nis_gtr_r32_91_pp1v5,80 60 83 C8
Nissan Skyline GT-R (R32) - Style Pack 1,nis_gtr_r32_91_pp1v6,71 59 BB 02
Nissan Skyline GT-R (R32) - Style Pack 1,nis_gtr_r32_91_pp1v7,F9 78 6C F9
Nissan Skyline GT-R (R32) - Style Pack 1,nis_gtr_r32_91_pp1v8,9B F2 1E FF
Nissan Skyline GT-R (R32) - Track Day Racer Pack,nis_gtr_r32_91_pp2v1,36 15 DB 47
Nissan Skyline GT-R (R32) - Track Day Racer Pack,nis_gtr_r32_91_pp2v2,49 3C 12 4D
Nissan Skyline GT-R (R32) - Track Day Racer Pack,nis_gtr_r32_91_pp2v3,F5 0C BA 4B
Nissan Skyline GT-R (R32) - Track Day Racer Pack,nis_gtr_r32_91_pp2v4,AB 36 F7 6C
Nissan Skyline GT-R (R32) - Track Day Racer Pack,nis_gtr_r32_91_pp2v5,C7 3A 89 63
Nissan Skyline GT-R (R32) - Track Day Racer Pack,nis_gtr_r32_91_pp2v6,40 40 7B 72
Nissan Skyline GT-R (R32) - Track Day Racer Pack,nis_gtr_r32_91_pp2v7,31 59 A1 B5
Nissan Skyline GT-R (R32) - Track Day Racer Pack,nis_gtr_r32_91_pp2v8,C3 91 4F A6
Nissan Skyline GT-R (R32) - Signature Edition,nis_gtr_r32_91_presale_1,9C 08 57 6E
Nissan GT-R (R35),nis_gtr_r35_08_pp_stock_1,FB 9F 5F 4B
Nissan GT-R (R35),nis_gtr_r35_08_pp_stock_2,AA F9 10 5A
Nissan GT-R (R35),nis_gtr_r35_08_pp_stock_3,5A D5 76 15
Nissan GT-R (R35),nis_gtr_r35_08_pp_stock_4,00 A0 B3 31
Nissan GT-R (R35),nis_gtr_r35_08_pp_stock_5,A3 50 EB BA
Nissan GT-R (R35) - Style Pack 1,nis_gtr_r35_08_pp1v1,3C 80 AD EF
Nissan GT-R (R35) - Style Pack 1,nis_gtr_r35_08_pp1v2,9D B5 C2 4F
Nissan GT-R (R35) - Style Pack 1,nis_gtr_r35_08_pp1v3,57 3E 8A 4B
Nissan GT-R (R35) - Style Pack 1,nis_gtr_r35_08_pp1v4,53 85 C8 83
Nissan GT-R (R35) - Style Pack 1,nis_gtr_r35_08_pp1v5,3F B5 2F 44
Nissan GT-R (R35) - Style Pack 1,nis_gtr_r35_08_pp1v6,C8 CF 17 72
Nissan GT-R (R35) - Style Pack 1,nis_gtr_r35_08_pp1v7,2F 0E 06 AF
Nissan GT-R (R35) - Style Pack 1,nis_gtr_r35_08_pp1v8,31 EE 3E 09
Nissan GT-R (R35) - Style Pack 2,nis_gtr_r35_08_pp2v1,AC 4A 91 47
Nissan GT-R (R35) - Style Pack 2,nis_gtr_r35_08_pp2v2,B4 6C 3B 93
Nissan GT-R (R35) - Style Pack 2,nis_gtr_r35_08_pp2v3,38 16 98 63
Nissan GT-R (R35) - Style Pack 2,nis_gtr_r35_08_pp2v4,AC 0F BC 5F
Nissan GT-R (R35) - Style Pack 2,nis_gtr_r35_08_pp2v5,2C BF 15 B2
Nissan GT-R (R35) - Style Pack 2,nis_gtr_r35_08_pp2v6,0F 27 C6 10
Nissan GT-R (R35) - Style Pack 2,nis_gtr_r35_08_pp2v7,C9 E6 C4 7C
Nissan GT-R (R35) - Style Pack 2,nis_gtr_r35_08_pp2v8,DB 29 88 9C
Nissan GT-R (R35) - Racer Pack,nis_gtr_r35_08_pp3v1,24 A9 97 5E
Nissan GT-R (R35) - Racer Pack,nis_gtr_r35_08_pp3v2,56 F9 5F 9B
Nissan GT-R (R35) - Racer Pack,nis_gtr_r35_08_pp3v3,84 67 A8 7D
Nissan GT-R (R35) - Racer Pack,nis_gtr_r35_08_pp3v4,0E 83 10 18
Nissan GT-R (R35) - Racer Pack,nis_gtr_r35_08_pp3v5,4D 6D E9 DC
Nissan GT-R (R35) - Racer Pack,nis_gtr_r35_08_pp3v6,AD 83 89 A0
Nissan GT-R (R35) - Racer Pack,nis_gtr_r35_08_pp3v7,17 46 B7 75
Nissan GT-R (R35) - Racer Pack,nis_gtr_r35_08_pp3v8,82 E0 68 E7
Nissan Skyline 2000GT-R (C10) - NFS Edition,nis_gtr_stk_73_nfs_e,57 9A 1E 36
Nissan Skyline 2000GT-R (C10) - Signature Edition,nis_gtr_stk_73_pp_rare_1,FA 89 BD 47
Nissan Skyline 2000GT-R (C10),nis_gtr_stk_73_pp_stock_1,DC A9 6D C1
Nissan Skyline 2000GT-R (C10),nis_gtr_stk_73_pp_stock_2,5B CD A2 F7
Nissan Skyline 2000GT-R (C10),nis_gtr_stk_73_pp_stock_3,94 10 23 58
Nissan Skyline 2000GT-R (C10),nis_gtr_stk_73_pp_stock_4,AE 33 5D 2D
Nissan Skyline 2000GT-R (C10),nis_gtr_stk_73_pp_stock_5,D4 8A F7 5A
Nissan Skyline 2000GT-R (C10),nis_gtr_stk_73_pp_stock_6,95 25 CB 19
Nissan Skyline 2000GT-R (C10),nis_gtr_stk_73_pp_stock_7,5B 09 82 24
Nissan Skyline 2000GT-R (C10),nis_gtr_stk_73_pp_stock_8,54 FB FB 58
Nissan Skyline 2000GT-R (C10) - Style Pack 1,nis_gtr_stk_73_pp1v1,73 16 C4 8B
Nissan Skyline 2000GT-R (C10) - Style Pack 1,nis_gtr_stk_73_pp1v2,A6 FB D2 D3
Nissan Skyline 2000GT-R (C10) - Style Pack 1,nis_gtr_stk_73_pp1v3,F2 8A A5 1A
Nissan Skyline 2000GT-R (C10) - Style Pack 1,nis_gtr_stk_73_pp1v4,73 42 C5 A0
Nissan Skyline 2000GT-R (C10) - Style Pack 1,nis_gtr_stk_73_pp1v5,64 7E 71 6E
Nissan Skyline 2000GT-R (C10) - Style Pack 1,nis_gtr_stk_73_pp1v6,45 94 3F 96
Nissan Skyline 2000GT-R (C10) - Style Pack 1,nis_gtr_stk_73_pp1v7,28 0A 94 C2
Nissan Skyline 2000GT-R (C10) - Style Pack 1,nis_gtr_stk_73_pp1v8,47 3F 2E 1B
Nissan Skyline 2000GT-R (C10) - Retro Racer Pack,nis_gtr_stk_73_pp2v1,75 8C 0C 25
Nissan Skyline 2000GT-R (C10) - Retro Racer Pack,nis_gtr_stk_73_pp2v2,FF 65 2B 2B
Nissan Skyline 2000GT-R (C10) - Retro Racer Pack,nis_gtr_stk_73_pp2v3,8D 18 9C E8
Nissan Skyline 2000GT-R (C10) - Retro Racer Pack,nis_gtr_stk_73_pp2v4,48 4D DB 47
Nissan Skyline 2000GT-R (C10) - Retro Racer Pack,nis_gtr_stk_73_pp2v5,EB E6 23 54
Nissan Skyline 2000GT-R (C10) - Retro Racer Pack,nis_gtr_stk_73_pp2v6,EA 0E 08 E1
Nissan Skyline 2000GT-R (C10) - Retro Racer Pack,nis_gtr_stk_73_pp2v7,2C E8 CF 54
Nissan Skyline 2000GT-R (C10) - Retro Racer Pack,nis_gtr_stk_73_pp2v8,7A D4 3A 7B
Nissan GT-R (R35) - NFS Edition,nis_gtr_v_10_nfs_e,65 48 91 7A
Nissan GT-R (R35) - Signature Edition,nis_gtr_v_10_pp_rare_1,76 63 79 1F
Nissan GT-R (R35) - Signature Edition,nis_gtr_v_10_pp_run,81 A7 E1 1D
Nissan GT-R SpecV (R35),nis_gtr_v_10_pp_stock_1,9F 6C D5 13
Nissan GT-R SpecV (R35),nis_gtr_v_10_pp_stock_2,7C 89 2D 1F
Nissan GT-R SpecV (R35),nis_gtr_v_10_pp_stock_3,90 43 C6 21
Nissan GT-R SpecV (R35),nis_gtr_v_10_pp_stock_4,46 CB C4 94
Nissan GT-R SpecV (R35),nis_gtr_v_10_pp_stock_5,66 3F 7E 51
Nissan GT-R SpecV (R35) - Style Pack 1,nis_gtr_v_10_pp1v1,07 9A 71 42
Nissan GT-R SpecV (R35) - Style Pack 1,nis_gtr_v_10_pp1v2,5B 5C 39 AD
Nissan GT-R SpecV (R35) - Style Pack 1,nis_gtr_v_10_pp1v3,4D E3 E5 6E
Nissan GT-R SpecV (R35) - Style Pack 1,nis_gtr_v_10_pp1v4,22 8E 16 B8
Nissan GT-R SpecV (R35) - Style Pack 1,nis_gtr_v_10_pp1v5,3D 39 C0 35
Nissan GT-R SpecV (R35) - Style Pack 1,nis_gtr_v_10_pp1v6,59 F8 09 50
Nissan GT-R SpecV (R35) - Style Pack 1,nis_gtr_v_10_pp1v7,DB 1A 8D 9B
Nissan GT-R SpecV (R35) - Style Pack 1,nis_gtr_v_10_pp1v8,C7 2F 1D F9
Nissan GT-R SpecV (R35) - Style Pack 2,nis_gtr_v_10_pp2v1,4D 23 9F 72
Nissan GT-R SpecV (R35) - Style Pack 2,nis_gtr_v_10_pp2v2,3E 28 8E 5D
Nissan GT-R SpecV (R35) - Style Pack 2,nis_gtr_v_10_pp2v3,B9 55 D1 C6
Nissan GT-R SpecV (R35) - Style Pack 2,nis_gtr_v_10_pp2v4,95 74 F0 8B
Nissan GT-R SpecV (R35) - Style Pack 2,nis_gtr_v_10_pp2v5,D7 FC 4B 3A
Nissan GT-R SpecV (R35) - Style Pack 2,nis_gtr_v_10_pp2v6,07 97 BC DE
Nissan GT-R SpecV (R35) - Style Pack 2,nis_gtr_v_10_pp2v7,5C 52 01 58
Nissan GT-R SpecV (R35) - Style Pack 2,nis_gtr_v_10_pp2v8,7C A8 97 54
Nissan GT-R SpecV (R35) - Time Attack Pack,nis_gtr_v_10_pp3v1,C6 64 7C 66
Nissan GT-R SpecV (R35) - Time Attack Pack,nis_gtr_v_10_pp3v2,35 07 6F 3D
Nissan GT-R SpecV (R35) - Time Attack Pack,nis_gtr_v_10_pp3v3,42 27 4E AA
Nissan GT-R SpecV (R35) - Time Attack Pack,nis_gtr_v_10_pp3v4,63 63 3F DB
Nissan GT-R SpecV (R35) - Time Attack Pack,nis_gtr_v_10_pp3v5,A5 4E D0 E3
Nissan GT-R SpecV (R35) - Time Attack Pack,nis_gtr_v_10_pp3v6,6E CC 8D F5
Nissan GT-R SpecV (R35) - Time Attack Pack,nis_gtr_v_10_pp3v7,42 3E 55 41
Nissan GT-R SpecV (R35) - Time Attack Pack,nis_gtr_v_10_pp3v8,41 0B 65 80
Nissan 200SX (S14) - Signature Edition,nis_s14_a_97_adsales_1,72 73 0C 7B
Nissan 200SX (S14) - NFS Edition,nis_s14_a_97_nfs_e,31 91 D4 32
Nissan 200SX (S14) - Signature Edition,nis_s14_a_97_pp_rare_1,FE 0C 05 54
Nissan 200SX (S14),nis_s14_a_97_pp_stock_1,CE 53 3E 9B
Nissan 200SX (S14),nis_s14_a_97_pp_stock_2,C4 59 ED E6
Nissan 200SX (S14),nis_s14_a_97_pp_stock_3,EF 8B 09 A7
Nissan 200SX (S14),nis_s14_a_97_pp_stock_4,31 43 8F F8
Nissan 200SX (S14),nis_s14_a_97_pp_stock_5,04 1D 0C 73
Nissan 200SX (S14),nis_s14_a_97_pp_stock_6,31 F2 08 C6
Nissan 200SX (S14),nis_s14_a_97_pp_stock_7,6B F1 55 EF
Nissan 200SX (S14),nis_s14_a_97_pp_stock_8,45 A0 6E C7
Nissan 200SX (S14) - Style Pack 1,nis_s14_a_97_pp1v1,51 1E B7 49
Nissan 200SX (S14) - Style Pack 1,nis_s14_a_97_pp1v2,AE 9A 8D C4
Nissan 200SX (S14) - Style Pack 1,nis_s14_a_97_pp1v3,A5 0F 60 D6
Nissan 200SX (S14) - Style Pack 1,nis_s14_a_97_pp1v4,D6 01 9C AD
Nissan 200SX (S14) - Style Pack 1,nis_s14_a_97_pp1v5,F3 92 D1 1E
Nissan 200SX (S14) - Style Pack 1,nis_s14_a_97_pp1v6,62 8C 19 69
Nissan 200SX (S14) - Style Pack 1,nis_s14_a_97_pp1v7,53 92 BB 05
Nissan 200SX (S14) - Style Pack 1,nis_s14_a_97_pp1v8,64 82 E0 50
Nissan 200SX (S14) - Tuner Pack,nis_s14_a_97_pp2v1,83 A4 15 0B
Nissan 200SX (S14) - Tuner Pack,nis_s14_a_97_pp2v2,FA EF 28 C0
Nissan 200SX (S14) - Tuner Pack,nis_s14_a_97_pp2v3,DE 69 17 78
Nissan 200SX (S14) - Tuner Pack,nis_s14_a_97_pp2v4,84 E4 1E CF
Nissan 200SX (S14) - Tuner Pack,nis_s14_a_97_pp2v5,FD 0D 8E 81
Nissan 200SX (S14) - Tuner Pack,nis_s14_a_97_pp2v6,63 2E 71 D8
Nissan 200SX (S14) - Tuner Pack,nis_s14_a_97_pp2v7,37 E9 F3 B0
Nissan 200SX (S14) - Tuner Pack,nis_s14_a_97_pp2v8,58 46 81 BD
Nissan 200SX (S14) - Drifting Pack,nis_s14_a_97_pp3v1,ED F0 68 80
Nissan 200SX (S14) - Drifting Pack,nis_s14_a_97_pp3v2,89 20 98 BA
Nissan 200SX (S14) - Drifting Pack,nis_s14_a_97_pp3v3,C2 BF DA 39
Nissan 200SX (S14) - Drifting Pack,nis_s14_a_97_pp3v4,5F 79 9E 7F
Nissan 200SX (S14) - Drifting Pack,nis_s14_a_97_pp3v5,4A 11 2A 3D
Nissan 200SX (S14) - Drifting Pack,nis_s14_a_97_pp3v6,98 21 CE AB
Nissan 200SX (S14) - Drifting Pack,nis_s14_a_97_pp3v7,6A 0F 78 4B
Nissan 200SX (S14) - Drifting Pack,nis_s14_a_97_pp3v8,C8 3E 66 16
Pagani Huayra - Signature Edition,pag_hua_stk_11_pp_rare_1,F8 A8 20 80
Pagani Huayra - NFS Edition,pag_hua_stk_11_pp_run,F0 79 06 28
Pagani Huayra,pag_hua_stk_11_pp_stock_1,23 DD CA 2F
Pagani Huayra,pag_hua_stk_11_pp_stock_2,81 B5 38 D9
Pagani Huayra,pag_hua_stk_11_pp_stock_3,33 FB A9 3B
Pagani Huayra,pag_hua_stk_11_pp_stock_4,1B 3A 31 89
Pagani Huayra,pag_hua_stk_11_pp_stock_5,25 AD A0 3D
Pagani Huayra,pag_hua_stk_11_pp_stock_6,B6 15 A6 86
Pagani Huayra,pag_hua_stk_11_pp_stock_7,9D A8 91 5B
Pagani Huayra,pag_hua_stk_11_pp_stock_8,58 F3 48 99
Pagani Huayra - Style Pack 1,pag_hua_stk_11_pp1v1,3F 35 36 0E
Pagani Huayra - Style Pack 1,pag_hua_stk_11_pp1v2,2D C7 F2 C9
Pagani Huayra - Style Pack 1,pag_hua_stk_11_pp1v3,00 9A 20 10
Pagani Huayra - Style Pack 1,pag_hua_stk_11_pp1v4,4D 1F 99 19
Pagani Huayra - Style Pack 1,pag_hua_stk_11_pp1v5,38 B1 46 51
Pagani Huayra - Style Pack 1,pag_hua_stk_11_pp1v6,D7 68 1C AD
Pagani Huayra - Style Pack 1,pag_hua_stk_11_pp1v7,54 DE CF 1F
Pagani Huayra - Style Pack 1,pag_hua_stk_11_pp1v8,5B C8 8B 51
Pagani Huayra - Aero Pack,pag_hua_stk_11_pp2v1,09 AD 20 3C
Pagani Huayra - Aero Pack,pag_hua_stk_11_pp2v2,1F EC 86 C2
Pagani Huayra - Aero Pack,pag_hua_stk_11_pp2v3,25 84 53 36
Pagani Huayra - Aero Pack,pag_hua_stk_11_pp2v4,B4 B3 B0 59
Pagani Huayra - Aero Pack,pag_hua_stk_11_pp2v5,12 98 E8 7D
Pagani Huayra - Aero Pack,pag_hua_stk_11_pp2v6,05 BA 8A E8
Pagani Huayra - Aero Pack,pag_hua_stk_11_pp2v7,5D 2B B2 37
Pagani Huayra - Aero Pack,pag_hua_stk_11_pp2v8,B8 95 C0 34
Pagani Zonda Cinque - Signature Edition,pag_zon_cin_10_pp_rare_1,7E FA 6B 6A
Pagani Zonda Cinque,pag_zon_cin_10_pp_stock_1,49 42 52 CD
Pagani Zonda Cinque,pag_zon_cin_10_pp_stock_2,CC 9C AA FA
Pagani Zonda Cinque,pag_zon_cin_10_pp_stock_3,01 E4 CD 33
Pagani Zonda Cinque,pag_zon_cin_10_pp_stock_4,D1 1A 33 23
Pagani Zonda Cinque,pag_zon_cin_10_pp_stock_5,42 F9 E8 11
Pagani Zonda Cinque,pag_zon_cin_10_pp_stock_6,D0 AB AD 60
Pagani Zonda Cinque,pag_zon_cin_10_pp_stock_7,2E F9 01 3B
Pagani Zonda Cinque,pag_zon_cin_10_pp_stock_8,0B 8A 9D 4C
Pagani Zonda Cinque - Style Pack 1,pag_zon_cin_10_pp1v1,96 51 AD 2C
Pagani Zonda Cinque - Style Pack 1,pag_zon_cin_10_pp1v2,2F E0 99 B1
Pagani Zonda Cinque - Style Pack 1,pag_zon_cin_10_pp1v3,4A 4C FE FC
Pagani Zonda Cinque - Style Pack 1,pag_zon_cin_10_pp1v4,81 09 B0 9D
Pagani Zonda Cinque - Style Pack 1,pag_zon_cin_10_pp1v5,00 E4 09 E1
Pagani Zonda Cinque - Style Pack 1,pag_zon_cin_10_pp1v6,47 10 6B D0
Pagani Zonda Cinque - Style Pack 1,pag_zon_cin_10_pp1v7,F6 4E E3 12
Pagani Zonda Cinque - Style Pack 1,pag_zon_cin_10_pp1v8,D1 56 46 10
Pagani Zonda Cinque - Style Pack 2,pag_zon_cin_10_pp2v1,A0 B0 07 79
Pagani Zonda Cinque - Style Pack 2,pag_zon_cin_10_pp2v2,48 1A CC 0F
Pagani Zonda Cinque - Style Pack 2,pag_zon_cin_10_pp2v3,D4 EC 07 10
Pagani Zonda Cinque - Style Pack 2,pag_zon_cin_10_pp2v4,CA 8D 57 55
Pagani Zonda Cinque - Style Pack 2,pag_zon_cin_10_pp2v5,B5 3C 14 68
Pagani Zonda Cinque - Style Pack 2,pag_zon_cin_10_pp2v6,1B 76 64 88
Pagani Zonda Cinque - Style Pack 2,pag_zon_cin_10_pp2v7,E6 EF A4 1B
Pagani Zonda Cinque - Style Pack 2,pag_zon_cin_10_pp2v8,B2 0A 8A 32
Pontiac Firebird Formula - NFS Edition,pon_fir_stk_78_nfs_e,41 E9 F9 A9
Pontiac Firebird Formula - Signature Edition,pon_fir_stk_78_pp_rare_1,89 B3 75 B5
Pontiac Firebird Formula,pon_fir_stk_78_pp_stock_1,74 6D 74 DB
Pontiac Firebird Formula,pon_fir_stk_78_pp_stock_2,FC 1E 70 EB
Pontiac Firebird Formula,pon_fir_stk_78_pp_stock_3,CB E4 B9 C7
Pontiac Firebird Formula,pon_fir_stk_78_pp_stock_4,25 3D 6B A0
Pontiac Firebird Formula,pon_fir_stk_78_pp_stock_5,95 A0 75 C9
Pontiac Firebird Formula,pon_fir_stk_78_pp_stock_6,5A 14 18 9C
Pontiac Firebird Formula,pon_fir_stk_78_pp_stock_7,D9 2B A3 3D
Pontiac Firebird Formula,pon_fir_stk_78_pp_stock_8,A2 92 66 F8
Pontiac Firebird Formula - Style Pack 1,pon_fir_stk_78_pp1v1,D9 57 CE C1
Pontiac Firebird Formula - Style Pack 1,pon_fir_stk_78_pp1v2,E3 A5 8B AF
Pontiac Firebird Formula - Style Pack 1,pon_fir_stk_78_pp1v3,FC DD D6 6D
Pontiac Firebird Formula - Style Pack 1,pon_fir_stk_78_pp1v4,68 9E 4E 4E
Pontiac Firebird Formula - Style Pack 1,pon_fir_stk_78_pp1v5,6A B0 D3 AC
Pontiac Firebird Formula - Style Pack 1,pon_fir_stk_78_pp1v6,5C 6F 62 F7
Pontiac Firebird Formula - Style Pack 1,pon_fir_stk_78_pp1v7,B5 FD 27 E4
Pontiac Firebird Formula - Style Pack 1,pon_fir_stk_78_pp1v8,60 BA E2 95
Pontiac Firebird Formula - Pro Touring Pack,pon_fir_stk_78_pp2v1,3D A5 9F 52
Pontiac Firebird Formula - Pro Touring Pack,pon_fir_stk_78_pp2v2,AB 66 E3 AC
Pontiac Firebird Formula - Pro Touring Pack,pon_fir_stk_78_pp2v3,5D 34 27 0C
Pontiac Firebird Formula - Pro Touring Pack,pon_fir_stk_78_pp2v4,99 C1 3A 33
Pontiac Firebird Formula - Pro Touring Pack,pon_fir_stk_78_pp2v5,8F FD 4E 32
Pontiac Firebird Formula - Pro Touring Pack,pon_fir_stk_78_pp2v6,D9 46 22 B8
Pontiac Firebird Formula - Pro Touring Pack,pon_fir_stk_78_pp2v7,0A DB AA E3
Pontiac Firebird Formula - Pro Touring Pack,pon_fir_stk_78_pp2v8,1E 46 06 72
Porsche 918 RSR - Signature Edition,por_918_rsr_11_pp_rare_1,F9 FA 37 85
Porsche 918 RSR - NFS Edition,por_918_rsr_11_pp_run,02 11 3E 35
Porsche 918 RSR,por_918_rsr_11_pp_stock_1,D1 71 6D C8
Porsche 918 RSR,por_918_rsr_11_pp_stock_2,5C 6E EC 58
Porsche 918 RSR,por_918_rsr_11_pp_stock_3,84 2C 6E 04
Porsche 918 RSR,por_918_rsr_11_pp_stock_4,12 28 31 7A
Porsche 918 RSR,por_918_rsr_11_pp_stock_5,B8 2E 50 79
Porsche 918 RSR,por_918_rsr_11_pp_stock_6,00 DA B3 86
Porsche 918 RSR,por_918_rsr_11_pp_stock_7,3A E3 9F EF
Porsche 918 RSR,por_918_rsr_11_pp_stock_8,3E 84 D1 90
Porsche 918 RSR - Style Pack 1,por_918_rsr_11_pp1v1,ED 51 07 D6
Porsche 918 RSR - Style Pack 1,por_918_rsr_11_pp1v2,0D 1D 0D 1C
Porsche 918 RSR - Style Pack 1,por_918_rsr_11_pp1v3,54 8B 78 D4
Porsche 918 RSR - Style Pack 1,por_918_rsr_11_pp1v4,9F EB 5A 15
Porsche 918 RSR - Style Pack 1,por_918_rsr_11_pp1v5,0C CB 37 C3
Porsche 918 RSR - Style Pack 1,por_918_rsr_11_pp1v6,BE 51 49 7A
Porsche 918 RSR - Style Pack 1,por_918_rsr_11_pp1v7,C0 09 0D 76
Porsche 918 RSR - Style Pack 1,por_918_rsr_11_pp1v8,10 B3 17 9A
Porsche 918 RSR - Circuit Racer Pack,por_918_rsr_11_pp2v1,2F 1C 5B 92
Porsche 918 RSR - Circuit Racer Pack,por_918_rsr_11_pp2v2,B6 89 F6 50
Porsche 918 RSR - Circuit Racer Pack,por_918_rsr_11_pp2v3,B7 32 CC BB
Porsche 918 RSR - Circuit Racer Pack,por_918_rsr_11_pp2v4,93 6E B7 88
Porsche 918 RSR - Circuit Racer Pack,por_918_rsr_11_pp2v5,EC 0F 7A DE
Porsche 918 RSR - Circuit Racer Pack,por_918_rsr_11_pp2v6,1C A5 8D 9F
Porsche 918 RSR - Circuit Racer Pack,por_918_rsr_11_pp2v7,0B AE DD 46
Porsche 918 RSR - Circuit Racer Pack,por_918_rsr_11_pp2v8,9D 2C 40 3B
Porsche 911 Carrera S (991) - Signature Edition,por_991_s_12_pp_rare_1,B5 8B 7A C3
Porsche 911 Carrera S (991) - NFS Edition,por_991_s_12_pp_run,DD 46 AC 87
Porsche 911 Carrera S (991),por_991_s_12_pp_stock_1,98 1E 8B 35
Porsche 911 Carrera S (991),por_991_s_12_pp_stock_2,95 3F 49 5D
Porsche 911 Carrera S (991),por_991_s_12_pp_stock_3,8D 96 91 48
Porsche 911 Carrera S (991),por_991_s_12_pp_stock_4,E4 A5 5A CF
Porsche 911 Carrera S (991),por_991_s_12_pp_stock_5,54 CD 06 7A
Porsche 911 Carrera S (991),por_991_s_12_pp_stock_6,8B CF D5 DA
Porsche 911 Carrera S (991),por_991_s_12_pp_stock_7,45 48 BE C7
Porsche 911 Carrera S (991),por_991_s_12_pp_stock_8,21 19 C0 83
Porsche 911 Carrera S (991) - Style Pack 1,por_991_s_12_pp1v1,36 51 EE 76
Porsche 911 Carrera S (991) - Style Pack 1,por_991_s_12_pp1v2,54 AE FE 08
Porsche 911 Carrera S (991) - Style Pack 1,por_991_s_12_pp1v3,AF BF BC A9
Porsche 911 Carrera S (991) - Style Pack 1,por_991_s_12_pp1v4,E8 80 CF 1E
Porsche 911 Carrera S (991) - Style Pack 1,por_991_s_12_pp1v5,B7 97 82 14
Porsche 911 Carrera S (991) - Style Pack 1,por_991_s_12_pp1v6,AE B7 6F 90
Porsche 911 Carrera S (991) - Style Pack 1,por_991_s_12_pp1v7,62 2C A1 2A
Porsche 911 Carrera S (991) - Style Pack 1,por_991_s_12_pp1v8,DE 1F 89 BA
Porsche 911 Carrera S (991) - Style Pack 2,por_991_s_12_pp2v1,53 D9 42 18
Porsche 911 Carrera S (991) - Style Pack 2,por_991_s_12_pp2v2,6E AA CB 6B
Porsche 911 Carrera S (991) - Style Pack 2,por_991_s_12_pp2v3,74 2F C0 90
Porsche 911 Carrera S (991) - Style Pack 2,por_991_s_12_pp2v4,3F 41 7E EF
Porsche 911 Carrera S (991) - Style Pack 2,por_991_s_12_pp2v5,51 5D 1A 81
Porsche 911 Carrera S (991) - Style Pack 2,por_991_s_12_pp2v6,4D B7 45 46
Porsche 911 Carrera S (991) - Style Pack 2,por_991_s_12_pp2v7,ED E0 F8 03
Porsche 911 Carrera S (991) - Style Pack 2,por_991_s_12_pp2v8,1B 71 AE BD
Porsche 911 Carrera S (991) - Circuit Racer Pack,por_991_s_12_pp3v1,B3 B0 86 F0
Porsche 911 Carrera S (991) - Circuit Racer Pack,por_991_s_12_pp3v2,A7 65 37 1E
Porsche 911 Carrera S (991) - Circuit Racer Pack,por_991_s_12_pp3v3,26 8D A1 FA
Porsche 911 Carrera S (991) - Circuit Racer Pack,por_991_s_12_pp3v4,12 70 02 1A
Porsche 911 Carrera S (991) - Circuit Racer Pack,por_991_s_12_pp3v5,73 92 62 E8
Porsche 911 Carrera S (991) - Circuit Racer Pack,por_991_s_12_pp3v6,33 7B 8C 1E
Porsche 911 Carrera S (991) - Circuit Racer Pack,por_991_s_12_pp3v7,6A BD E1 76
Porsche 911 Carrera S (991) - Circuit Racer Pack,por_991_s_12_pp3v8,C9 2F 33 43
Porsche 911 GT2 (993) - Signature Edition,por_993_gt2_96_adsales_1,07 60 D6 5E
Porsche 911 GT2 (993) RWB - Signature Edition,por_993_gt2_96_marketing_1,CD DD EF FE
Porsche 911 GT2 (993),por_993_gt2_96_pp_stock_1,71 88 7E 3D
Porsche 911 GT2 (993),por_993_gt2_96_pp_stock_2,9F B8 5A AF
Porsche 911 GT2 (993),por_993_gt2_96_pp_stock_3,D2 5D 70 9F
Porsche 911 GT2 (993),por_993_gt2_96_pp_stock_4,3D 95 DA 96
Porsche 911 GT2 (993),por_993_gt2_96_pp_stock_5,2D D4 51 0D
Porsche 911 GT2 (993),por_993_gt2_96_pp_stock_6,07 0D 1A 70
Porsche 911 GT2 (993),por_993_gt2_96_pp_stock_7,AE A8 45 66
Porsche 911 GT2 (993),por_993_gt2_96_pp_stock_8,55 88 EE D1
Porsche 911 GT2 (993) - Style Pack 1,por_993_gt2_96_pp1v1,D5 42 FF DB
Porsche 911 GT2 (993) - Style Pack 1,por_993_gt2_96_pp1v2,6B 3A 5C 71
Porsche 911 GT2 (993) - Style Pack 1,por_993_gt2_96_pp1v3,E4 88 12 3B
Porsche 911 GT2 (993) - Style Pack 1,por_993_gt2_96_pp1v4,31 11 F5 37
Porsche 911 GT2 (993) - Style Pack 1,por_993_gt2_96_pp1v5,CE F9 D2 6A
Porsche 911 GT2 (993) - Style Pack 1,por_993_gt2_96_pp1v6,5E 2A E9 C2
Porsche 911 GT2 (993) - Style Pack 1,por_993_gt2_96_pp1v7,41 EA C6 03
Porsche 911 GT2 (993) - Style Pack 1,por_993_gt2_96_pp1v8,1B 35 08 81
Porsche 911 GT2 (993) - Retro Racer Pack,por_993_gt2_96_pp2v1,23 72 11 42
Porsche 911 GT2 (993) - Retro Racer Pack,por_993_gt2_96_pp2v2,6E 26 CE 4B
Porsche 911 GT2 (993) - Retro Racer Pack,por_993_gt2_96_pp2v3,DF 51 CC C1
Porsche 911 GT2 (993) - Retro Racer Pack,por_993_gt2_96_pp2v4,5A C5 5C D5
Porsche 911 GT2 (993) - Retro Racer Pack,por_993_gt2_96_pp2v5,CC 04 E6 BF
Porsche 911 GT2 (993) - Retro Racer Pack,por_993_gt2_96_pp2v6,D0 24 12 F3
Porsche 911 GT2 (993) - Retro Racer Pack,por_993_gt2_96_pp2v7,5E 4D F2 B1
Porsche 911 GT2 (993) - Retro Racer Pack,por_993_gt2_96_pp2v8,05 F4 E4 86
Porsche Carrera GT,por_car_gt_08_pp_stock_1,36 B6 41 81
Porsche Carrera GT,por_car_gt_08_pp_stock_2,67 12 C7 A7
Porsche Carrera GT,por_car_gt_08_pp_stock_3,D9 87 A7 8A
Porsche Carrera GT,por_car_gt_08_pp_stock_4,B0 12 D2 3F
Porsche Carrera GT,por_car_gt_08_pp_stock_5,93 CF 79 57
Porsche Carrera GT,por_car_gt_08_pp_stock_6,45 5D 33 96
Porsche Carrera GT,por_car_gt_08_pp_stock_7,81 34 CA 7A
Porsche Carrera GT,por_car_gt_08_pp_stock_8,2E BD 2D FF
Porsche Carrera GT - Style Pack 1,por_car_gt_08_pp1v1,2A 8E CE 22
Porsche Carrera GT - Style Pack 1,por_car_gt_08_pp1v2,D6 19 6F 28
Porsche Carrera GT - Style Pack 1,por_car_gt_08_pp1v3,34 C8 8A 92
Porsche Carrera GT - Style Pack 1,por_car_gt_08_pp1v4,DC A2 06 67
Porsche Carrera GT - Style Pack 1,por_car_gt_08_pp1v5,A5 58 15 09
Porsche Carrera GT - Style Pack 1,por_car_gt_08_pp1v6,D9 DA 55 FB
Porsche Carrera GT - Style Pack 1,por_car_gt_08_pp1v7,3B AD A6 DC
Porsche Carrera GT - Style Pack 1,por_car_gt_08_pp1v8,28 32 0D 42
Porsche 911 GT3 RS 4.0 (997) - Signature Edition,por_gt3_rs_10_pp_rare_1,AD 67 AF 3A
Porsche 911 GT3 RS 4.0 (997) - Signature Edition,por_gt3_rs_10_pp_rare_2,5C 46 64 3B
Porsche 911 GT3 RS 4.0 (997),por_gt3_rs_10_pp_stock_1,6A 92 49 DA
Porsche 911 GT3 RS 4.0 (997),por_gt3_rs_10_pp_stock_2,A5 34 99 8D
Porsche 911 GT3 RS 4.0 (997) - Style Pack 1,por_gt3_rs_10_pp1v1,19 33 3D A6
Porsche 911 GT3 RS 4.0 (997) - Style Pack 1,por_gt3_rs_10_pp1v2,7E D5 A2 03
Porsche 911 GT3 RS 4.0 (997) - Style Pack 1,por_gt3_rs_10_pp1v3,B7 60 B9 79
Porsche 911 GT3 RS 4.0 (997) - Style Pack 1,por_gt3_rs_10_pp1v4,FB C0 43 98
Porsche 911 GT3 RS 4.0 (997) - Style Pack 1,por_gt3_rs_10_pp1v5,BE 1B 7C B7
Porsche 911 GT3 RS 4.0 (997) - Style Pack 1,por_gt3_rs_10_pp1v6,CB 48 57 68
Porsche 911 GT3 RS 4.0 (997) - Style Pack 1,por_gt3_rs_10_pp1v7,52 72 00 FC
Porsche 911 GT3 RS 4.0 (997) - Style Pack 1,por_gt3_rs_10_pp1v8,F6 6E E2 B0
Porsche 911 GT3 RS 4.0 (997) - Style Pack 2,por_gt3_rs_10_pp2v1,36 F7 1A BF
Porsche 911 GT3 RS 4.0 (997) - Style Pack 2,por_gt3_rs_10_pp2v2,64 6C 55 48
Porsche 911 GT3 RS 4.0 (997) - Style Pack 2,por_gt3_rs_10_pp2v3,68 0E F9 FB
Porsche 911 GT3 RS 4.0 (997) - Style Pack 2,por_gt3_rs_10_pp2v4,7A 30 39 03
Porsche 911 GT3 RS 4.0 (997) - Style Pack 2,por_gt3_rs_10_pp2v5,7F BC 09 E5
Porsche 911 GT3 RS 4.0 (997) - Style Pack 2,por_gt3_rs_10_pp2v6,52 B6 40 83
Porsche 911 GT3 RS 4.0 (997) - Style Pack 2,por_gt3_rs_10_pp2v7,42 DD 3D BE
Porsche 911 GT3 RS 4.0 (997) - Style Pack 2,por_gt3_rs_10_pp2v8,4B 24 06 85
Porsche 911 GT3 RS 4.0 (997) - RSR Replica Pack,por_gt3_rs_10_pp3v1,72 36 A9 67
Porsche 911 GT3 RS 4.0 (997) - RSR Replica Pack,por_gt3_rs_10_pp3v2,15 45 E6 B9
Porsche 911 GT3 RS 4.0 (997) - RSR Replica Pack,por_gt3_rs_10_pp3v3,BB A8 2B 8E
Porsche 911 GT3 RS 4.0 (997) - RSR Replica Pack,por_gt3_rs_10_pp3v4,49 D7 F1 0F
Porsche 911 GT3 RS 4.0 (997) - RSR Replica Pack,por_gt3_rs_10_pp3v5,AC 36 BD 62
Porsche 911 GT3 RS 4.0 (997) - RSR Replica Pack,por_gt3_rs_10_pp3v6,E3 91 92 64
Porsche 911 GT3 RS 4.0 (997) - RSR Replica Pack,por_gt3_rs_10_pp3v7,3D A9 BD B8
Porsche 911 GT3 RS 4.0 (997) - RSR Replica Pack,por_gt3_rs_10_pp3v8,1A 2F 96 A7
Renault Sport Mégane RS - NFS Edition,ren_meg_rs_10_nfs_e,89 E1 F2 DB
Renault Sport Mégane RS - Signature Edition,ren_meg_rs_10_pp_rare_1,C0 22 F6 6E
Renault Sport Mégane RS,ren_meg_rs_10_pp_stock_1,91 31 A8 7D
Renault Sport Mégane RS,ren_meg_rs_10_pp_stock_2,E1 27 64 E4
Renault Sport Mégane RS,ren_meg_rs_10_pp_stock_3,33 54 B6 FA
Renault Sport Mégane RS,ren_meg_rs_10_pp_stock_4,74 5A 55 FD
Renault Sport Mégane RS,ren_meg_rs_10_pp_stock_5,7B 8B C1 21
Renault Sport Mégane RS,ren_meg_rs_10_pp_stock_6,9B 12 E3 EC
Renault Sport Mégane RS,ren_meg_rs_10_pp_stock_7,7F B1 1D FA
Renault Sport Mégane RS,ren_meg_rs_10_pp_stock_8,58 92 E1 92
Renault Sport Mégane RS - Style Pack 1,ren_meg_rs_10_pp1v1,89 E1 78 02
Renault Sport Mégane RS - Style Pack 1,ren_meg_rs_10_pp1v2,E2 2E 3E 1D
Renault Sport Mégane RS - Style Pack 1,ren_meg_rs_10_pp1v3,3B 53 07 CF
Renault Sport Mégane RS - Style Pack 1,ren_meg_rs_10_pp1v4,FC 5B 33 2A
Renault Sport Mégane RS - Style Pack 1,ren_meg_rs_10_pp1v5,30 63 26 FA
Renault Sport Mégane RS - Style Pack 1,ren_meg_rs_10_pp1v6,E3 CD E6 D4
Renault Sport Mégane RS - Style Pack 1,ren_meg_rs_10_pp1v7,08 83 DD 2F
Renault Sport Mégane RS - Style Pack 1,ren_meg_rs_10_pp1v8,D5 32 F6 8E
Renault Sport Mégane RS - Tuner Pack,ren_meg_rs_10_pp2v1,B9 7D 7A 02
Renault Sport Mégane RS - Tuner Pack,ren_meg_rs_10_pp2v2,F9 18 90 77
Renault Sport Mégane RS - Tuner Pack,ren_meg_rs_10_pp2v3,1E 29 06 CF
Renault Sport Mégane RS - Tuner Pack,ren_meg_rs_10_pp2v4,EB 31 62 07
Renault Sport Mégane RS - Tuner Pack,ren_meg_rs_10_pp2v5,3F 21 57 FA
Renault Sport Mégane RS - Tuner Pack,ren_meg_rs_10_pp2v6,DC A5 21 DA
Renault Sport Mégane RS - Tuner Pack,ren_meg_rs_10_pp2v7,67 67 DE 2F
Renault Sport Mégane RS - Tuner Pack,ren_meg_rs_10_pp2v8,4D 69 87 F5
Renault Sport Mégane RS - Aero Pack,ren_meg_rs_10_pp3v1,3B 53 FF 03
Renault Sport Mégane RS - Aero Pack,ren_meg_rs_10_pp3v2,B2 79 E6 37
Renault Sport Mégane RS - Aero Pack,ren_meg_rs_10_pp3v3,51 D2 37 B5
Renault Sport Mégane RS - Aero Pack,ren_meg_rs_10_pp3v4,9A 00 BB F7
Renault Sport Mégane RS - Aero Pack,ren_meg_rs_10_pp3v5,95 44 D4 D5
Renault Sport Mégane RS - Aero Pack,ren_meg_rs_10_pp3v6,AA BD B1 D6
Renault Sport Mégane RS - Aero Pack,ren_meg_rs_10_pp3v7,A0 FA DB 75
Renault Sport Mégane RS - Aero Pack,ren_meg_rs_10_pp3v8,26 DA 0B 55
Shelby Cobra Daytona Coupe - NFS Edition,she_day_cou_65_nfs_e,61 6B 47 41
Shelby Cobra Daytona Coupe - Signature Edition,she_day_cou_65_pp_rare_1,AE 08 BB EF
Shelby Cobra Daytona Coupe - NFS Edition,she_day_cou_65_pp_run,6B 04 D3 D6
Shelby Cobra Daytona Coupe,she_day_cou_65_pp_stock_1,3B 76 7C F7
Shelby Cobra Daytona Coupe,she_day_cou_65_pp_stock_2,9F B4 BE E6
Shelby Cobra Daytona Coupe,she_day_cou_65_pp_stock_3,51 6F 12 C4
Shelby Cobra Daytona Coupe,she_day_cou_65_pp_stock_4,65 6A B3 92
Shelby Cobra Daytona Coupe,she_day_cou_65_pp_stock_5,8F 13 8F 34
Shelby Cobra Daytona Coupe,she_day_cou_65_pp_stock_6,98 87 5D 34
Shelby Cobra Daytona Coupe,she_day_cou_65_pp_stock_7,47 0D 01 AD
Shelby Cobra Daytona Coupe,she_day_cou_65_pp_stock_8,E9 84 84 61
Shelby Cobra Daytona Coupe - Style Pack 1,she_day_cou_65_pp1v1,DD 7D 01 4A
Shelby Cobra Daytona Coupe - Style Pack 1,she_day_cou_65_pp1v2,B2 1D F7 9F
Shelby Cobra Daytona Coupe - Style Pack 1,she_day_cou_65_pp1v3,F8 E7 E7 1E
Shelby Cobra Daytona Coupe - Style Pack 1,she_day_cou_65_pp1v4,C0 8F FF CE
Shelby Cobra Daytona Coupe - Style Pack 1,she_day_cou_65_pp1v5,3F 2E 07 D2
Shelby Cobra Daytona Coupe - Style Pack 1,she_day_cou_65_pp1v6,14 22 52 D8
Shelby Cobra Daytona Coupe - Style Pack 1,she_day_cou_65_pp1v7,40 17 05 CD
Shelby Cobra Daytona Coupe - Style Pack 1,she_day_cou_65_pp1v8,85 A4 F6 9E
Shelby Cobra Daytona Coupe - Retro Racer Pack,she_day_cou_65_pp2v1,21 2E 9D B2
Shelby Cobra Daytona Coupe - Retro Racer Pack,she_day_cou_65_pp2v2,54 4F 93 C5
Shelby Cobra Daytona Coupe - Retro Racer Pack,she_day_cou_65_pp2v3,F8 FA 7D 0F
Shelby Cobra Daytona Coupe - Retro Racer Pack,she_day_cou_65_pp2v4,A2 AD 33 4D
Shelby Cobra Daytona Coupe - Retro Racer Pack,she_day_cou_65_pp2v5,90 2C 1D 3A
Shelby Cobra Daytona Coupe - Retro Racer Pack,she_day_cou_65_pp2v6,63 A9 D3 07
Shelby Cobra Daytona Coupe - Retro Racer Pack,she_day_cou_65_pp2v7,39 D2 D5 47
Shelby Cobra Daytona Coupe - Retro Racer Pack,she_day_cou_65_pp2v8,A7 4F 7A D8
Ford Shelby GT500 Super Snake - NFS Edition,she_mus_snk_12_pp_run,52 7F 68 29
Ford Shelby GT500 Super Snake,she_mus_snk_12_pp_stock_1,67 53 06 F1
Ford Shelby GT500 Super Snake,she_mus_snk_12_pp_stock_2,36 9E D3 EA
Ford Shelby GT500 Super Snake,she_mus_snk_12_pp_stock_3,33 73 21 F8
Ford Shelby GT500 Super Snake,she_mus_snk_12_pp_stock_4,AB B3 C2 AC
Ford Shelby GT500 Super Snake,she_mus_snk_12_pp_stock_5,61 40 D8 7A
Ford Shelby GT500 Super Snake,she_mus_snk_12_pp_stock_6,FC 0E 3F D2
Ford Shelby GT500 Super Snake,she_mus_snk_12_pp_stock_7,36 A8 21 9F
Ford Shelby GT500 Super Snake,she_mus_snk_12_pp_stock_8,52 CD 96 D1
Ford Shelby GT500 Super Snake - Style Pack 1,she_mus_snk_12_pp1v1,E5 72 4B 6D
Ford Shelby GT500 Super Snake - Style Pack 1,she_mus_snk_12_pp1v2,1C 33 D8 46
Ford Shelby GT500 Super Snake - Style Pack 1,she_mus_snk_12_pp1v3,D1 0B 91 A2
Ford Shelby GT500 Super Snake - Style Pack 1,she_mus_snk_12_pp1v4,50 CD 86 BB
Ford Shelby GT500 Super Snake - Style Pack 1,she_mus_snk_12_pp1v5,1A 42 8F 27
Ford Shelby GT500 Super Snake - Style Pack 1,she_mus_snk_12_pp1v6,5D EB F6 4C
Ford Shelby GT500 Super Snake - Style Pack 1,she_mus_snk_12_pp1v7,29 5D 72 71
Ford Shelby GT500 Super Snake - Style Pack 1,she_mus_snk_12_pp1v8,A1 B7 55 79
Ford Shelby GT500 Super Snake - Style Pack 2,she_mus_snk_12_pp2v1,97 15 0C 2A
Ford Shelby GT500 Super Snake - Style Pack 2,she_mus_snk_12_pp2v2,C5 C7 F8 AC
Ford Shelby GT500 Super Snake - Style Pack 2,she_mus_snk_12_pp2v3,3E D8 59 83
Ford Shelby GT500 Super Snake - Style Pack 2,she_mus_snk_12_pp2v4,25 3E 2B 6B
Ford Shelby GT500 Super Snake - Style Pack 2,she_mus_snk_12_pp2v5,12 B8 45 49
Ford Shelby GT500 Super Snake - Style Pack 2,she_mus_snk_12_pp2v6,40 2F CB 75
Ford Shelby GT500 Super Snake - Style Pack 2,she_mus_snk_12_pp2v7,2F 6F DD 35
Ford Shelby GT500 Super Snake - Style Pack 2,she_mus_snk_12_pp2v8,67 55 2D 86
Ford Shelby GT500 Super Snake - Super Snake Run Edition,she_mus_snk_12_pp3v1,C0 D5 BC 24
Ford Shelby GT500 Super Snake - Super Snake Run Edition,she_mus_snk_12_pp3v2,68 E7 53 6E
Ford Shelby GT500 Super Snake - Super Snake Run Edition,she_mus_snk_12_pp3v3,A1 87 9B 7F
Ford Shelby GT500 Super Snake - Super Snake Run Edition,she_mus_snk_12_pp3v4,08 81 F4 0C
Ford Shelby GT500 Super Snake - Super Snake Run Edition,she_mus_snk_12_pp3v5,EE D2 B4 81
Ford Shelby GT500 Super Snake - Super Snake Run Edition,she_mus_snk_12_pp3v6,25 CD 21 BD
Ford Shelby GT500 Super Snake - Super Snake Run Edition,she_mus_snk_12_pp3v7,5A 60 C9 0C
Ford Shelby GT500 Super Snake - Super Snake Run Edition,she_mus_snk_12_pp3v8,52 59 00 CD
Subaru Impreza WRX STi (Hatchback) - NFS Edition,sub_wrx_sti_09_nfs_e,5E 34 28 CB
Subaru Impreza WRX STi (Hatchback) - Signature Edition,sub_wrx_sti_09_pp_rare_1,A2 C0 FF D5
Subaru Impreza WRX STi (Hatchback),sub_wrx_sti_09_pp_stock_1,3D D3 1D DD
Subaru Impreza WRX STi (Hatchback),sub_wrx_sti_09_pp_stock_2,3D 1C 66 BD
Subaru Impreza WRX STi (Hatchback),sub_wrx_sti_09_pp_stock_3,26 B6 74 CC
Subaru Impreza WRX STi (Hatchback),sub_wrx_sti_09_pp_stock_4,45 5A EE EC
Subaru Impreza WRX STi (Hatchback),sub_wrx_sti_09_pp_stock_5,3B 9F C3 07
Subaru Impreza WRX STi (Hatchback),sub_wrx_sti_09_pp_stock_6,31 5B D2 67
Subaru Impreza WRX STi (Hatchback),sub_wrx_sti_09_pp_stock_7,E0 86 E4 B4
Subaru Impreza WRX STi (Hatchback),sub_wrx_sti_09_pp_stock_8,8A 54 DD 5F
Subaru Impreza WRX STi (Hatchback) - Style Pack 1,sub_wrx_sti_09_pp1v1,30 C5 7E 99
Subaru Impreza WRX STi (Hatchback) - Style Pack 1,sub_wrx_sti_09_pp1v2,2C DF 68 35
Subaru Impreza WRX STi (Hatchback) - Style Pack 1,sub_wrx_sti_09_pp1v3,43 68 A0 63
Subaru Impreza WRX STi (Hatchback) - Style Pack 1,sub_wrx_sti_09_pp1v4,68 18 23 B9
Subaru Impreza WRX STi (Hatchback) - Style Pack 1,sub_wrx_sti_09_pp1v5,B4 70 FB D5
Subaru Impreza WRX STi (Hatchback) - Style Pack 1,sub_wrx_sti_09_pp1v6,75 17 76 0E
Subaru Impreza WRX STi (Hatchback) - Style Pack 1,sub_wrx_sti_09_pp1v7,26 31 D5 0F
Subaru Impreza WRX STi (Hatchback) - Style Pack 1,sub_wrx_sti_09_pp1v8,9C E7 EB 70
Subaru Impreza WRX STi (Hatchback) - Style Pack 2,sub_wrx_sti_09_pp2v1,27 FF 83 FA
Subaru Impreza WRX STi (Hatchback) - Style Pack 2,sub_wrx_sti_09_pp2v2,13 1F 40 B1
Subaru Impreza WRX STi (Hatchback) - Style Pack 2,sub_wrx_sti_09_pp2v3,90 A3 9D 30
Subaru Impreza WRX STi (Hatchback) - Style Pack 2,sub_wrx_sti_09_pp2v4,58 D8 65 6F
Subaru Impreza WRX STi (Hatchback) - Style Pack 2,sub_wrx_sti_09_pp2v5,7F 9A 9C 19
Subaru Impreza WRX STi (Hatchback) - Style Pack 2,sub_wrx_sti_09_pp2v6,66 42 74 66
Subaru Impreza WRX STi (Hatchback) - Style Pack 2,sub_wrx_sti_09_pp2v7,9E C7 65 DA
Subaru Impreza WRX STi (Hatchback) - Style Pack 2,sub_wrx_sti_09_pp2v8,BF CA 5F 18
Subaru Impreza WRX STi (Hatchback) - Time Attack Pack,sub_wrx_sti_09_pp3v1,45 F0 34 76
Subaru Impreza WRX STi (Hatchback) - Time Attack Pack,sub_wrx_sti_09_pp3v2,CA B9 96 B1
Subaru Impreza WRX STi (Hatchback) - Time Attack Pack,sub_wrx_sti_09_pp3v3,F7 5D 9B C4
Subaru Impreza WRX STi (Hatchback) - Time Attack Pack,sub_wrx_sti_09_pp3v4,2C 0E 7A 41
Subaru Impreza WRX STi (Hatchback) - Time Attack Pack,sub_wrx_sti_09_pp3v5,7B 81 33 82
Subaru Impreza WRX STi (Hatchback) - Time Attack Pack,sub_wrx_sti_09_pp3v6,6C E6 31 40
Subaru Impreza WRX STi (Hatchback) - Time Attack Pack,sub_wrx_sti_09_pp3v7,F7 75 CF 37
Subaru Impreza WRX STi (Hatchback) - Time Attack Pack,sub_wrx_sti_09_pp3v8,8C BD 2D AC
Toyota Corolla GTS (AE86) - NFS Edition,toy_cor_stk_86_nfs_e,97 21 80 4F
Toyota Corolla GTS (AE86),toy_cor_stk_86_pp_stock_1,61 CE D2 16
Toyota Corolla GTS (AE86),toy_cor_stk_86_pp_stock_2,35 50 37 35
Toyota Corolla GTS (AE86),toy_cor_stk_86_pp_stock_3,A7 3E E0 5B
Toyota Corolla GTS (AE86),toy_cor_stk_86_pp_stock_4,53 15 44 FC
Toyota Corolla GTS (AE86),toy_cor_stk_86_pp_stock_5,AE 66 69 14
Toyota Corolla GTS (AE86),toy_cor_stk_86_pp_stock_6,4A 93 85 EE
Toyota Corolla GTS (AE86),toy_cor_stk_86_pp_stock_7,4F D4 55 96
Toyota Corolla GTS (AE86),toy_cor_stk_86_pp_stock_8,2C 24 53 DE
Toyota Corolla GTS (AE86) - Style Pack 1,toy_cor_stk_86_pp1v1,0C F9 85 18
Toyota Corolla GTS (AE86) - Style Pack 1,toy_cor_stk_86_pp1v2,68 22 AF 65
Toyota Corolla GTS (AE86) - Style Pack 1,toy_cor_stk_86_pp1v3,72 0E 13 A7
Toyota Corolla GTS (AE86) - Style Pack 1,toy_cor_stk_86_pp1v4,4C 8D 88 EA
Toyota Corolla GTS (AE86) - Style Pack 1,toy_cor_stk_86_pp1v5,4C 1E E9 80
Toyota Corolla GTS (AE86) - Style Pack 1,toy_cor_stk_86_pp1v6,83 A3 17 B5
Toyota Corolla GTS (AE86) - Style Pack 1,toy_cor_stk_86_pp1v7,00 73 50 0B
Toyota Corolla GTS (AE86) - Style Pack 1,toy_cor_stk_86_pp1v8,F6 33 0A 9C
Toyota Corolla GTS (AE86) - Drifting Pack,toy_cor_stk_86_pp2v1,E3 02 92 7E
Toyota Corolla GTS (AE86) - Drifting Pack,toy_cor_stk_86_pp2v2,C3 06 FC 92
Toyota Corolla GTS (AE86) - Drifting Pack,toy_cor_stk_86_pp2v3,7C C1 A9 C3
Toyota Corolla GTS (AE86) - Drifting Pack,toy_cor_stk_86_pp2v4,2B 98 76 AD
Toyota Corolla GTS (AE86) - Drifting Pack,toy_cor_stk_86_pp2v5,F1 BA C6 E5
Toyota Corolla GTS (AE86) - Drifting Pack,toy_cor_stk_86_pp2v6,71 72 C8 A3
Toyota Corolla GTS (AE86) - Drifting Pack,toy_cor_stk_86_pp2v7,F7 84 3E 96
Toyota Corolla GTS (AE86) - Drifting Pack,toy_cor_stk_86_pp2v8,70 03 78 FB
Toyota Supra Chris Rado - NFS Edition,toy_sup_stk_98_marketing_1,74 42 E5 48
Toyota Supra - NFS Edition,toy_sup_stk_98_nfs_e,39 34 40 09
Toyota Supra,toy_sup_stk_98_pp_stock_1,32 1F 4E 6A
Toyota Supra,toy_sup_stk_98_pp_stock_2,9F 1A 05 F9
Toyota Supra,toy_sup_stk_98_pp_stock_3,BF A4 2C 7E
Toyota Supra,toy_sup_stk_98_pp_stock_4,78 6F E1 31
Toyota Supra,toy_sup_stk_98_pp_stock_5,45 2A 33 71
Toyota Supra,toy_sup_stk_98_pp_stock_6,B8 98 9B 6A
Toyota Supra,toy_sup_stk_98_pp_stock_7,BE 64 BC 6D
Toyota Supra,toy_sup_stk_98_pp_stock_8,E5 5E 41 E8
Toyota Supra - Style Pack 1,toy_sup_stk_98_pp1v1,5F E9 3D E8
Toyota Supra - Style Pack 1,toy_sup_stk_98_pp1v2,70 BC 94 74
Toyota Supra - Style Pack 1,toy_sup_stk_98_pp1v3,29 39 75 6D
Toyota Supra - Style Pack 1,toy_sup_stk_98_pp1v4,85 9E BC F8
Toyota Supra - Style Pack 1,toy_sup_stk_98_pp1v5,0A B6 5F B1
Toyota Supra - Style Pack 1,toy_sup_stk_98_pp1v6,F8 32 F6 11
Toyota Supra - Style Pack 1,toy_sup_stk_98_pp1v7,8C 90 30 92
Toyota Supra - Style Pack 1,toy_sup_stk_98_pp1v8,DC D3 82 39
Toyota Supra - Style Pack 2,toy_sup_stk_98_pp2v1,47 2F B8 9B
Toyota Supra - Style Pack 2,toy_sup_stk_98_pp2v2,36 D4 64 53
Toyota Supra - Style Pack 2,toy_sup_stk_98_pp2v3,6E E9 E1 4F
Toyota Supra - Style Pack 2,toy_sup_stk_98_pp2v4,F2 C2 51 C7
Toyota Supra - Style Pack 2,toy_sup_stk_98_pp2v5,0D 4C 5E D8
Toyota Supra - Style Pack 2,toy_sup_stk_98_pp2v6,2A 7B FD B0
Toyota Supra - Style Pack 2,toy_sup_stk_98_pp2v7,64 87 38 9C
Toyota Supra - Style Pack 2,toy_sup_stk_98_pp2v8,D2 24 C7 65
Toyota Supra - Racer Pack,toy_sup_stk_98_pp3v1,BB C2 32 50
Toyota Supra - Racer Pack,toy_sup_stk_98_pp3v2,F3 D0 81 90
Toyota Supra - Racer Pack,toy_sup_stk_98_pp3v3,13 56 9F 15
Toyota Supra - Racer Pack,toy_sup_stk_98_pp3v4,D0 49 5C 28
Toyota Supra - Racer Pack,toy_sup_stk_98_pp3v5,54 57 ED 77
Toyota Supra - Racer Pack,toy_sup_stk_98_pp3v6,22 DE 90 CF
Toyota Supra - Racer Pack,toy_sup_stk_98_pp3v7,83 A6 DE 57
Toyota Supra - Racer Pack,toy_sup_stk_98_pp3v8,4C 66 2D 73
Volkswagen Golf GTI (Mk1) - NFS Edition,vol_gti_mk1_76_nfs_e,8C DA 59 71
Volkswagen Golf GTI (Mk1) - Signature Edition,vol_gti_mk1_76_pp_rare_1,1A 0E BE DD
Volkswagen Golf GTI (Mk1),vol_gti_mk1_76_pp_stock_1,D1 1D 0D 1C
Volkswagen Golf GTI (Mk1),vol_gti_mk1_76_pp_stock_2,93 78 D7 DD
Volkswagen Golf GTI (Mk1),vol_gti_mk1_76_pp_stock_3,B6 2E 74 21
Volkswagen Golf GTI (Mk1),vol_gti_mk1_76_pp_stock_4,97 E3 38 56
Volkswagen Golf GTI (Mk1),vol_gti_mk1_76_pp_stock_5,93 B3 9C C8
Volkswagen Golf GTI (Mk1),vol_gti_mk1_76_pp_stock_6,15 BF 9C 04
Volkswagen Golf GTI (Mk1),vol_gti_mk1_76_pp_stock_7,08 91 EF A2
Volkswagen Golf GTI (Mk1),vol_gti_mk1_76_pp_stock_8,F2 66 FD C6
Volkswagen Golf GTI (Mk1) - Style Pack 1,vol_gti_mk1_76_pp1v1,85 28 CE EE
Volkswagen Golf GTI (Mk1) - Style Pack 1,vol_gti_mk1_76_pp1v2,E9 28 99 44
Volkswagen Golf GTI (Mk1) - Style Pack 1,vol_gti_mk1_76_pp1v3,7F BE 50 09
Volkswagen Golf GTI (Mk1) - Style Pack 1,vol_gti_mk1_76_pp1v4,97 FD F4 08
Volkswagen Golf GTI (Mk1) - Style Pack 1,vol_gti_mk1_76_pp1v5,46 9E CF 90
Volkswagen Golf GTI (Mk1) - Style Pack 1,vol_gti_mk1_76_pp1v6,87 BB 76 51
Volkswagen Golf GTI (Mk1) - Style Pack 1,vol_gti_mk1_76_pp1v7,0E 93 D8 83
Volkswagen Golf GTI (Mk1) - Style Pack 1,vol_gti_mk1_76_pp1v8,48 F6 53 0D
Volkswagen Golf GTI (Mk1) - Euro Look Pack,vol_gti_mk1_76_pp2v1,5B C5 F5 FE
Volkswagen Golf GTI (Mk1) - Euro Look Pack,vol_gti_mk1_76_pp2v2,DD AB 3F 90
Volkswagen Golf GTI (Mk1) - Euro Look Pack,vol_gti_mk1_76_pp2v3,5A 98 72 17
Volkswagen Golf GTI (Mk1) - Euro Look Pack,vol_gti_mk1_76_pp2v4,30 97 EF 42
Volkswagen Golf GTI (Mk1) - Euro Look Pack,vol_gti_mk1_76_pp2v5,0D 2D BF 74
Volkswagen Golf GTI (Mk1) - Euro Look Pack,vol_gti_mk1_76_pp2v6,58 EF A9 B2
Volkswagen Golf GTI (Mk1) - Euro Look Pack,vol_gti_mk1_76_pp2v7,94 7C 3E 60
Volkswagen Golf GTI (Mk1) - Euro Look Pack,vol_gti_mk1_76_pp2v8,76 3C 06 A5
Volkswagen Scirocco R - NFS Edition,vol_sci_r_10_nfs_e,41 C0 1C 4C
Volkswagen Scirocco R - Signature Edition,vol_sci_r_10_pp_rare_1,E2 F5 4E 93
Volkswagen Scirocco R,vol_sci_r_10_pp_stock_1,9D 5A A6 D9
Volkswagen Scirocco R,vol_sci_r_10_pp_stock_2,8D F9 F3 BA
Volkswagen Scirocco R,vol_sci_r_10_pp_stock_3,EC CF F7 5B
Volkswagen Scirocco R,vol_sci_r_10_pp_stock_4,76 FD C5 29
Volkswagen Scirocco R,vol_sci_r_10_pp_stock_5,89 92 44 02
Volkswagen Scirocco R,vol_sci_r_10_pp_stock_6,13 E4 92 D8
Volkswagen Scirocco R,vol_sci_r_10_pp_stock_7,44 EE 0B 1E
Volkswagen Scirocco R,vol_sci_r_10_pp_stock_8,B0 46 52 03
Volkswagen Scirocco R - Style Pack 1,vol_sci_r_10_pp1v1,89 42 82 A7
Volkswagen Scirocco R - Style Pack 1,vol_sci_r_10_pp1v2,EE 81 35 2F
Volkswagen Scirocco R - Style Pack 1,vol_sci_r_10_pp1v3,B8 A2 FF 92
Volkswagen Scirocco R - Style Pack 1,vol_sci_r_10_pp1v4,3E D5 DF 7A
Volkswagen Scirocco R - Style Pack 1,vol_sci_r_10_pp1v5,7A 9E 86 63
Volkswagen Scirocco R - Style Pack 1,vol_sci_r_10_pp1v6,D5 8D 40 00
Volkswagen Scirocco R - Style Pack 1,vol_sci_r_10_pp1v7,E0 37 D9 4A
Volkswagen Scirocco R - Style Pack 1,vol_sci_r_10_pp1v8,63 D7 72 92
Volkswagen Scirocco R - Style Pack 2,vol_sci_r_10_pp2v1,6B 10 30 49
Volkswagen Scirocco R - Style Pack 2,vol_sci_r_10_pp2v2,B1 A6 06 20
Volkswagen Scirocco R - Style Pack 2,vol_sci_r_10_pp2v3,BE E5 98 03
Volkswagen Scirocco R - Style Pack 2,vol_sci_r_10_pp2v4,28 8E 47 2F
Volkswagen Scirocco R - Style Pack 2,vol_sci_r_10_pp2v5,9C 21 75 2A
Volkswagen Scirocco R - Style Pack 2,vol_sci_r_10_pp2v6,AB 64 A9 A9
Volkswagen Scirocco R - Style Pack 2,vol_sci_r_10_pp2v7,3C 12 D3 37
Volkswagen Scirocco R - Style Pack 2,vol_sci_r_10_pp2v8,5B 7A D1 33
Volkswagen Scirocco R - Concept Pack,vol_sci_r_10_pp3v1,6F 91 F8 DE
Volkswagen Scirocco R - Concept Pack,vol_sci_r_10_pp3v2,0F 6A 71 AD
Volkswagen Scirocco R - Concept Pack,vol_sci_r_10_pp3v3,AE 91 73 2F
Volkswagen Scirocco R - Concept Pack,vol_sci_r_10_pp3v4,D8 8A B8 78
Volkswagen Scirocco R - Concept Pack,vol_sci_r_10_pp3v5,58 28 48 EA
Volkswagen Scirocco R - Concept Pack,vol_sci_r_10_pp3v6,BB 14 7E 0C
Volkswagen Scirocco R - Concept Pack,vol_sci_r_10_pp3v7,68 51 49 F6
Volkswagen Scirocco R - Concept Pack,vol_sci_r_10_pp3v8,A0 9D BD 2F
AI Tuned,,
Aston Martin One-77 ,ast_one_77_10_ai_220,99 B8 E9 6D
Aston Martin One-77 ,ast_one_77_10_ai_268,94 A1 C5 CB
Aston Martin V12 Vantage,ast_van_v12_10_ai_184,9C 4E FD AF
Aston Martin V12 Vantage,ast_van_v12_10_ai_203,D1 FE F7 ED
Aston Martin V12 Vantage,ast_van_v12_10_ai_240,1F 4C 23 2D
Audi R8 V10 5.2 FSI quattro,aud_r8_v10_10_ai_209,97 69 3F AF
Audi R8 V10 5.2 FSI quattro,aud_r8_v10_10_ai_218,F9 01 E4 09
Audi R8 V10 5.2 FSI quattro,aud_r8_v10_10_ai_242,43 04 6E 49
Audi R8 V10 5.2 FSI quattro,aud_r8_v10_10_ai_257,AF DF C5 59
Audi R8 V10 5.2 FSI quattro,aud_r8_v10_10_ai_300,4C E2 D7 C5
Audi R8 V10 5.2 FSI quattro,aud_r8_v10_10_ai_304,54 E3 4F 70
Audi R8 V10 5.2 FSI quattro,aud_r8_v10_10_ai_305,69 77 05 D1
Audi Quattro 20V,aud_ur_qua_91_ai_073,BF 7C C9 CB
Audi Quattro 20V,aud_ur_qua_91_ai_078,14 9E AE 8C
Audi Quattro 20V,aud_ur_qua_91_ai_161,27 5A A2 EB
Audi Quattro 20V,aud_ur_qua_91_ai_162,10 F5 FA 6F
BMW 1 Series M Coupé,bmw_1m_cou_11_ai_104,98 D4 B6 D6
BMW 1 Series M Coupé,bmw_1m_cou_11_ai_113,1F B7 0F FA
BMW 1 Series M Coupé,bmw_1m_cou_11_ai_151,68 02 84 9D
BMW 1 Series M Coupé,bmw_1m_cou_11_ai_227,6E 01 F4 29
BMW 1 Series M Coupé,bmw_1m_cou_11_ai_234,75 98 B4 A4
BMW 1 Series M Coupé,bmw_1m_cou_11_ai_273,8C 03 EC 91
BMW 1 Series M Coupé,bmw_1m_cou_11_ai_274,01 74 5F 0A
BMW M3 Sport Evolution,bmw_m3_e30_90_ai_080,3D D4 55 EC
BMW M3 Sport Evolution,bmw_m3_e30_90_ai_099,A5 CA DA B2
BMW M3 Sport Evolution,bmw_m3_e30_90_ai_144,E3 C7 18 D1
BMW M3 Sport Evolution,bmw_m3_e30_90_ai_145,CD B7 FA 2D
BMW M3 Sport Evolution,bmw_m3_e30_90_ai_229,0A 60 83 E6
BMW M3 GTS (E92),bmw_m3_gts_10_ai_170,46 12 4E DC
BMW M3 GTS (E92),bmw_m3_gts_10_ai_175,48 DC 82 2C
BMW M3 GTS (E92),bmw_m3_gts_10_ai_196,B3 23 0B 61
BMW M3 GTS (E92),bmw_m3_gts_10_ai_217,08 1D 00 99
BMW M3 GTS (E92),bmw_m3_gts_10_ai_228,F4 C9 60 FF
Chevrolet Camaro SS (1967),che_cam_ss_67_ai_017,ED DC C5 72
Chevrolet Camaro SS (1967),che_cam_ss_67_ai_083,4B 49 A7 08
Chevrolet Camaro SS (1967),che_cam_ss_67_ai_095,0B 88 45 A6
Chevrolet Camaro SS (1967),che_cam_ss_67_ai_107,59 94 A9 A0
Chevrolet Camaro SS (1967),che_cam_ss_67_ai_207,8D 3F 29 B0
Chevrolet Camaro SS (1967),che_cam_ss_67_ai_230,4A 34 03 45
Chevrolet Camaro ZL1,che_cam_zl1_13_ai_093,48 3B 44 54
Chevrolet Camaro ZL1,che_cam_zl1_13_ai_105,8E A6 E6 19
Chevrolet Camaro ZL1,che_cam_zl1_13_ai_219,AC 64 BB 73
Chevrolet Camaro ZL1,che_cam_zl1_13_ai_231,A2 4A 7A 3C
Chevrolet Camaro ZL1,che_cam_zl1_13_ai_252,35 69 AD C9
Chevrolet Camaro ZL1,che_cam_zl1_13_ai_277,B6 1B F2 6C
Chevrolet Camaro ZL1,che_cam_zl1_13_ai_278,D1 AD 85 72
Chevrolet Camaro ZL1,che_cam_zl1_13_ai_306,55 CF 31 6D
Chevrolet Camaro ZL1,che_cam_zl1_13_ai_307,A0 6C BE 3D
Chevrolet El Camino SS,che_el_cam_70_ai_094,20 E5 62 7A
Chevrolet El Camino SS,che_el_cam_70_ai_106,72 E3 C4 05
Chevrolet El Camino SS,che_el_cam_70_ai_180,1A 3C C6 B7
Chevrolet El Camino SS,che_el_cam_70_ai_181,2F 5B D5 E3
Chevrolet El Camino SS,che_el_cam_70_ai_182,5C 2C E7 22
Chevrolet El Camino SS,che_el_cam_70_ai_266,3F A6 4B CA
Chevrolet El Camino SS,che_el_cam_70_ai_271,9B A1 29 D9
Chevrolet El Camino SS,che_el_cam_70_ai_272,F1 1E EE BC
Chevrolet Corvette Z06 Carbon Limited Edition,che_vet_cbn_10_ai_185,37 3F 8B 85
Chevrolet Corvette Z06 Carbon Limited Edition,che_vet_cbn_10_ai_214,DB 88 9A BD
Chevrolet Corvette Z06 Carbon Limited Edition,che_vet_cbn_10_ai_215,F8 58 2E 03
Chevrolet Corvette Z06 Carbon Limited Edition,che_vet_cbn_10_ai_232,24 0A BE 49
Chevrolet Corvette Z06 Carbon Limited Edition,che_vet_cbn_10_ai_233,81 9C B4 DE
Chevrolet Corvette Z06 Carbon Limited Edition,che_vet_cbn_10_ai_250,FA 8F 9C F0
Chevrolet Corvette Z06 Carbon Limited Edition,che_vet_cbn_10_ai_300,3F 39 1A 27
Dodge Challenger R/T,dod_cha_rt_71_ai_011,39 55 6D 3C
Dodge Challenger R/T,dod_cha_rt_71_ai_023,84 FA E4 07
Dodge Challenger R/T,dod_cha_rt_71_ai_098,F1 D5 37 45
Dodge Challenger R/T,dod_cha_rt_71_ai_235,8D C6 E9 70
Dodge Challenger R/T,dod_cha_rt_71_ai_281,53 BF 7D CF
Dodge Challenger R/T,dod_cha_rt_71_ai_282,FC 9C 81 50
Dodge Challenger SRT-8,dod_cha_srt_08_ai_003,34 D4 8E 1A
Dodge Challenger SRT-8,dod_cha_srt_08_ai_022,B3 C8 F9 12
Dodge Challenger SRT-8,dod_cha_srt_08_ai_126,6D A8 E9 ED
Dodge Challenger SRT-8,dod_cha_srt_08_ai_127,80 F6 85 A3
Dodge Challenger SRT-8,dod_cha_srt_08_ai_173,06 74 91 C5
Dodge Challenger SRT-8,dod_cha_srt_08_ai_178,77 C6 0E 11
Ford Focus RS,for_foc_rs_10_ai_087,B0 0F 55 CA
Ford Focus RS,for_foc_rs_10_ai_102,43 EB 89 81
Ford Focus RS,for_foc_rs_10_ai_111,CC DA 58 DC
Ford Focus RS,for_foc_rs_10_ai_150,90 B2 2D 2B
Ford Focus RS,for_foc_rs_10_ai_236,DE C6 00 41
Ford GT,for_gt_stk_06_ai_189,4A 82 88 AD
Ford GT,for_gt_stk_06_ai_202,5F 98 D4 C2
Ford GT,for_gt_stk_06_ai_226,37 0D FC 19
Ford GT,for_gt_stk_06_ai_246,91 98 3D 67
Ford GT,for_gt_stk_06_ai_247,79 DF 77 14
Ford Mustang Boss 302 (1969),for_mus_302_69_ai_103,95 9B B3 01
Ford Mustang Boss 302 (1969),for_mus_302_69_ai_112,73 AD 1B D6
Ford Mustang Boss 302 (1969),for_mus_302_69_ai_283,D3 E7 51 27
Ford Mustang Boss 302 (1969),for_mus_302_69_ai_284,C4 9F F8 41
Ford Mustang Boss 302,for_mus_bos_12_ai_082,70 E1 83 B5
Ford Mustang Boss 302,for_mus_bos_12_ai_138,CD A6 7C BB
Ford Mustang Boss 302,for_mus_bos_12_ai_139,01 FC 52 46
Ford Mustang Boss 302,for_mus_bos_12_ai_188,F1 FA D2 72
Ford Mustang RTR,for_mus_rtr_12_ai_097,E9 30 96 43
Ford Mustang RTR,for_mus_rtr_12_ai_109,E3 90 28 05
Ford Mustang RTR,for_mus_rtr_12_ai_147,78 C4 98 97
Ford Mustang RTR,for_mus_rtr_12_ai_205,C7 65 54 3E
Ford Mustang RTR,for_mus_rtr_12_ai_251,BC 63 A7 20
Ford Mustang RXR-X (1969) - Signature Edition,for_rtr_x_69_ai_249,7F 1C FF 21
Lamborghini Aventador LP 700-4,lam_ave_700_12_ai_264,54 17 FD 7D
Lamborghini Gallardo LP 550-2 Valentino Balboni,lam_gal_vb_10_ai_028,F0 78 E0 EB
Lamborghini Gallardo LP 550-2 Valentino Balboni,lam_gal_vb_10_ai_029,5C 76 CB C5
Lamborghini Gallardo LP 550-2 Valentino Balboni,lam_gal_vb_10_ai_134,D9 7E FF 8A
Lamborghini Gallardo LP 550-2 Valentino Balboni,lam_gal_vb_10_ai_135,E7 7B 4A 02
Lamborghini Gallardo LP 550-2 Valentino Balboni,lam_gal_vb_10_ai_191,9E 0C 8F FC
Lamborghini Gallardo LP 550-2 Valentino Balboni,lam_gal_vb_10_ai_223,96 9E 8B F1
Lamborghini Gallardo LP 550-2 Valentino Balboni,lam_gal_vb_10_ai_291,4F AE C3 17
Lamborghini Miura SV,lam_miu_sv_71_ai_124,56 5F EC 9B
Lamborghini Miura SV,lam_miu_sv_71_ai_125,22 AE AC 0E
Lamborghini Miura SV,lam_miu_sv_71_ai_210,F9 66 5E BE
Lamborghini Miura SV,lam_miu_sv_71_ai_221,65 D9 FA E8
Lamborghini Miura SV,lam_miu_sv_71_ai_243,D8 BF 06 C7
Lamborghini Murciélago LP 670-4 SV,lam_mur_sv_10_ai_253,A4 B3 D7 B7
Lamborghini Murciélago LP 670-4 SV,lam_mur_sv_10_ai_262,06 C9 17 66
Lamborghini Sesto Elemento,lam_ses_ele_11_ai_261,4C 4B D3 23
Lotus Evora,lot_evo_stk_10_ai_032,1C 71 F1 1C
Lotus Evora,lot_evo_stk_10_ai_033,15 3A 8B 0C
Lotus Evora,lot_evo_stk_10_ai_100,34 8E 2B CF
Lotus Evora,lot_evo_stk_10_ai_132,E4 7F 42 BF
Lotus Evora,lot_evo_stk_10_ai_133,4E 50 FF A7
Lotus Evora,lot_evo_stk_10_ai_174,E2 FA 67 9C
Lotus Evora,lot_evo_stk_10_ai_179,54 41 08 99
Lotus Exige Cup 260,lot_exi_260_10_ai_072,C7 5F 49 BE
Lotus Exige Cup 260,lot_exi_260_10_ai_077,98 2C C7 65
Lotus Exige Cup 260,lot_exi_260_10_ai_118,49 6D 85 67
Lotus Exige Cup 260,lot_exi_260_10_ai_119,AC 29 00 B6
Lotus Exige Cup 260,lot_exi_260_10_ai_197,EB D5 99 9F
Lotus Exige Cup 260,lot_exi_260_10_ai_251,37 27 76 CB
Lotus Exige Cup 260,lot_exi_260_10_ai_320,62 58 5E 65
Mazda MX-5,maz_mx5_rht_09_ai_013,D1 4F B0 CC
Mazda MX-5,maz_mx5_rht_09_ai_015,E0 F9 FF F1
Mazda MX-5,maz_mx5_rht_09_ai_021,A0 0F C5 56
Mazda MX-5,maz_mx5_rht_09_ai_071,06 1D 02 F4
Mazda MX-5,maz_mx5_rht_09_ai_091,54 7A D5 DB
Mazda MX-5,maz_mx5_rht_09_ai_149,F7 34 A3 F1
Mazda MX-5,maz_mx5_rht_09_ai_301,A6 D8 80 68
Mazda RX-7 RZ,maz_rx7_rz_98_ai_008,E4 F4 A9 DB
Mazda RX-7 RZ,maz_rx7_rz_98_ai_079,9D 35 C9 5D
Mazda RX-7 RZ,maz_rx7_rz_98_ai_090,FF E4 DD 52
Mazda RX-7 RZ,maz_rx7_rz_98_ai_187,94 5C 10 68
Mazda RX-7 RZ,maz_rx7_rz_98_ai_241,57 28 CA A2
McLaren F1,mcl_f1_stk_94_ai_259,22 1D BD 8E
McLaren MP4-12C,mcl_mp4_12c_12_ai_009,54 F5 2D 7D
McLaren MP4-12C,mcl_mp4_12c_12_ai_195,29 8E DA 32
McLaren MP4-12C,mcl_mp4_12c_12_ai_212,E5 DF 01 85
McLaren MP4-12C,mcl_mp4_12c_12_ai_224,F4 4B 0D E3
McLaren MP4-12C,mcl_mp4_12c_12_ai_244,86 80 C5 BA
McLaren MP4-12C,mcl_mp4_12c_12_ai_254,DB 50 F5 EA
Mercedes-Benz SLS AMG,mer_sls_amg_10_ai_190,CD 75 CB 8A
Mercedes-Benz SLS AMG,mer_sls_amg_10_ai_201,E4 6A FA 1D
Mercedes-Benz SLS AMG,mer_sls_amg_10_ai_267,21 A9 BA BB
Mitsubishi Lancer Evolution X,mit_evo_x_08_ai_014,10 09 8D EB
Mitsubishi Lancer Evolution X,mit_evo_x_08_ai_020,CB E4 ED C3
Mitsubishi Lancer Evolution X,mit_evo_x_08_ai_092,0F 66 2C 27
Mitsubishi Lancer Evolution X,mit_evo_x_08_ai_155,02 7E 4C 4C
Mitsubishi Lancer Evolution X,mit_evo_x_08_ai_156,0C 59 74 71
Mitsubishi Lancer Evolution X,mit_evo_x_08_ai_204,7C B8 A8 57
Nissan Fairlady 240ZG (S30),nis_240_zg_71_ai_086,DB 61 70 77
Nissan Fairlady 240ZG (S30),nis_240_zg_71_ai_122,93 D6 81 80
Nissan Fairlady 240ZG (S30),nis_240_zg_71_ai_123,C0 F9 B0 EE
Nissan Fairlady 240ZG (S30),nis_240_zg_71_ai_206,7A 6D 31 8B
Nissan Fairlady 240ZG (S30),nis_240_zg_71_ai_321,9D 96 E6 58
Nissan 370Z (Z34),nis_370_z_09_ai_114,53 B5 49 3D
Nissan 370Z (Z34),nis_370_z_09_ai_115,4E 4A 16 4A
Nissan 370Z (Z34),nis_370_z_09_ai_136,98 B4 ED CE
Nissan 370Z (Z34),nis_370_z_09_ai_137,E0 02 FC CE
Nissan 370Z (Z34),nis_370_z_09_ai_163,FA BA E6 46
Nissan 370Z (Z34),nis_370_z_09_ai_258,CC CB 26 F1
Nissan Skyline GT-R (R32),nis_gtr_r32_91_ai_030,D2 BE 15 8E
Nissan Skyline GT-R (R32),nis_gtr_r32_91_ai_031,23 10 8D BF
Nissan Skyline GT-R (R32),nis_gtr_r32_91_ai_088,91 98 9E 4F
Nissan Skyline GT-R (R32),nis_gtr_r32_91_ai_128,59 C0 2A 63
Nissan Skyline GT-R (R32),nis_gtr_r32_91_ai_129,4D 1B A1 EA
Nissan Skyline GT-R (R32),nis_gtr_r32_91_ai_157,32 DC 09 BD
Nissan Skyline GT-R (R32),nis_gtr_r32_91_ai_158,63 EE 1E A2
Nissan Skyline 2000GT-R (C10),nis_gtr_stk_73_ai_089,D7 85 D7 92
Nissan Skyline 2000GT-R (C10),nis_gtr_stk_73_ai_146,E4 C1 DA 57
Nissan Skyline 2000GT-R (C10),nis_gtr_stk_73_ai_279,A4 EB 99 5C
Nissan Skyline 2000GT-R (C10),nis_gtr_stk_73_ai_280,9A 98 47 9A
Nissan GT-R SpecV (R35),nis_gtr_v_10_ai_018,B1 7E 49 AE
Nissan GT-R SpecV (R35),nis_gtr_v_10_ai_159,10 C6 51 34
Nissan GT-R SpecV (R35),nis_gtr_v_10_ai_160,C4 02 96 D3
Nissan GT-R SpecV (R35),nis_gtr_v_10_ai_193,30 91 DE 94
Nissan GT-R SpecV (R35),nis_gtr_v_10_ai_194,09 D0 11 3E
Nissan GT-R SpecV (R35),nis_gtr_v_10_ai_216,DA 3C 51 E9
Nissan GT-R SpecV (R35),nis_gtr_v_10_ai_238,7A A9 C9 A6
Nissan GT-R SpecV (R35),nis_gtr_v_10_ai_245,23 AF 71 FA
Nissan GT-R SpecV (R35),nis_gtr_v_10_ai_302,8B 13 61 48
Nissan GT-R SpecV (R35),nis_gtr_v_10_ai_303,61 67 A5 74
Nissan 200SX (S14),nis_s14_a_97_ai_001,CD CB C5 A7
Nissan 200SX (S14),nis_s14_a_97_ai_016,22 B9 8F B2
Nissan 200SX (S14),nis_s14_a_97_ai_211,88 5F 14 A4
Nissan 200SX (S14),nis_s14_a_97_ai_275,2E F1 F4 4C
Nissan 200SX (S14),nis_s14_a_97_ai_276,FB 77 8F 95
Nissan 200SX (S14),nis_s14_a_97_ai_287,52 2E 14 25
Nissan 200SX (S14),nis_s14_a_97_ai_288,FC E0 D5 C0
Pagani Huayra,pag_hua_stk_11_ai_260,64 71 3D 10
Pagani Zonda Cinque,pag_zon_cin_10_ai_256,F2 6F 25 BC
Pagani Zonda Cinque,pag_zon_cin_10_ai_263,F7 A4 A1 97
Pagani Zonda Cinque,pag_zon_cin_10_ai_308,99 E0 CC D5
Pagani Zonda Cinque,pag_zon_cin_10_ai_309,BB 19 7E C0
Pontiac Firebird Formula,pon_fir_stk_78_ai_010,5E FD 52 DD
Pontiac Firebird Formula,pon_fir_stk_78_ai_025,55 D7 B4 78
Pontiac Firebird Formula,pon_fir_stk_78_ai_026,93 FE E1 3E
Pontiac Firebird Formula,pon_fir_stk_78_ai_084,B1 25 4D 28
Pontiac Firebird Formula,pon_fir_stk_78_ai_130,98 8F 61 29
Pontiac Firebird Formula,pon_fir_stk_78_ai_131,9C AE C6 FC
Porsche 918 RSR,por_918_rsr_11_ai_255,10 3D 30 75
Porsche 918 RSR,por_918_rsr_11_ai_265,77 9B FA FB
Porsche 911 Carrera S (991),por_991_s_12_ai_183,45 72 F2 02
Porsche 911 Carrera S (991),por_991_s_12_ai_200,9D AB 05 9F
Porsche 911 Carrera S (991),por_991_s_12_ai_237,F0 BF A1 3D
Porsche 911 GT2 (993),por_993_gt2_96_ai_186,E2 A1 B0 4C
Porsche 911 GT2 (993),por_993_gt2_96_ai_198,B2 CC D7 72
Porsche 911 GT2 (993),por_993_gt2_96_ai_199,F0 A2 C3 59
Porsche 911 GT2 (993),por_993_gt2_96_ai_225,D1 4D F3 36
Porsche 911 GT3 RS 4.0 (997),por_gt3_rs_10_ai_192,C9 B5 D5 A7
Porsche 911 GT3 RS 4.0 (997),por_gt3_rs_10_ai_213,B7 A7 D2 7B
Porsche 911 GT3 RS 4.0 (997),por_gt3_rs_10_ai_239,99 6E 76 D4
Porsche 911 GT3 RS 4.0 (997),por_gt3_rs_10_ai_248,25 5C 71 F6
Renault Sport Mégane RS,ren_meg_rs_10_ai_006,30 07 28 9F
Renault Sport Mégane RS,ren_meg_rs_10_ai_101,DF B9 FD CF
Renault Sport Mégane RS,ren_meg_rs_10_ai_110,C2 BA 50 67
Renault Sport Mégane RS,ren_meg_rs_10_ai_171,3C B7 48 A8
Renault Sport Mégane RS,ren_meg_rs_10_ai_176,8E AA 07 24
Renault Sport Mégane RS,ren_meg_rs_10_ai_285,97 F3 78 F1
Renault Sport Mégane RS,ren_meg_rs_10_ai_286,02 A1 53 99
Shelby Cobra Daytona Coupe,she_day_cou_65_ai_096,9A 8F 1A C8
Shelby Cobra Daytona Coupe,she_day_cou_65_ai_108,35 02 D9 0D
Shelby Cobra Daytona Coupe,she_day_cou_65_ai_152,3A 5C 6D C5
Shelby Cobra Daytona Coupe,she_day_cou_65_ai_254,52 7E 9D 47
Ford Shelby GT500 Super Snake,she_mus_snk_12_ai_116,69 17 CF A8
Ford Shelby GT500 Super Snake,she_mus_snk_12_ai_117,52 96 24 CC
Ford Shelby GT500 Super Snake,she_mus_snk_12_ai_208,7F 42 17 C4
Subaru Impreza WRX STi (Hatchback),sub_wrx_sti_09_ai_007,36 8A F9 CA
Subaru Impreza WRX STi (Hatchback),sub_wrx_sti_09_ai_027,5C 5D 55 E1
Subaru Impreza WRX STi (Hatchback),sub_wrx_sti_09_ai_070,1E 24 C3 05
Subaru Impreza WRX STi (Hatchback),sub_wrx_sti_09_ai_076,49 CA A6 DD
Subaru Impreza WRX STi (Hatchback),sub_wrx_sti_09_ai_140,33 A4 2F 98
Subaru Impreza WRX STi (Hatchback),sub_wrx_sti_09_ai_141,6A 80 7A 33
Subaru Impreza WRX STi (Hatchback),sub_wrx_sti_09_ai_149,9E F1 87 69
Subaru Impreza WRX STi (Hatchback),sub_wrx_sti_09_ai_153,02 F5 FA D5
Subaru Impreza WRX STi (Hatchback),sub_wrx_sti_09_ai_154,74 0B 93 FC
Subaru Impreza WRX STi (Hatchback),sub_wrx_sti_09_ai_249,97 0F 60 BE
Toyota Corolla GTS (AE86),toy_cor_stk_86_ai_004,C6 8B 82 AE
Toyota Corolla GTS (AE86),toy_cor_stk_86_ai_019,39 93 7B 7B
Toyota Corolla GTS (AE86),toy_cor_stk_86_ai_085,23 43 DD 7E
Toyota Corolla GTS (AE86),toy_cor_stk_86_ai_222,10 F7 C2 4C
Toyota Corolla GTS (AE86),toy_cor_stk_86_ai_289,37 C8 FC A6
Toyota Corolla GTS (AE86),toy_cor_stk_86_ai_290,74 52 DB 36
Toyota Supra,toy_sup_stk_98_ai_005,C6 C5 F0 5B
Toyota Supra,toy_sup_stk_98_ai_012,88 81 31 93
Toyota Supra,toy_sup_stk_98_ai_024,30 A7 9B EF
Toyota Supra,toy_sup_stk_98_ai_081,42 62 9E 86
Toyota Supra,toy_sup_stk_98_ai_142,11 D6 EB AD
Toyota Supra,toy_sup_stk_98_ai_143,59 C8 17 91
Toyota Supra,toy_sup_stk_98_ai_164,2F BF A5 40
Volkswagen Golf GTI (Mk1),vol_gti_mk1_76_ai_002,0D 4E BA 6D
Volkswagen Golf GTI (Mk1),vol_gti_mk1_76_ai_074,BF 98 63 97
Volkswagen Golf GTI (Mk1),vol_gti_mk1_76_ai_075,35 57 D3 3A
Volkswagen Golf GTI (Mk1),vol_gti_mk1_76_ai_120,95 C1 C6 9B
Volkswagen Golf GTI (Mk1),vol_gti_mk1_76_ai_121,1A 61 8A 7C
Volkswagen Golf GTI (Mk1),vol_gti_mk1_76_ai_172,FE 6F D7 4F
Volkswagen Golf GTI (Mk1),vol_gti_mk1_76_ai_177,06 3C F2 B6
Volkswagen Scirocco R,vol_sci_r_10_ai_060,2D 23 71 3C
Volkswagen Scirocco R,vol_sci_r_10_ai_061,06 AE CF E5
Volkswagen Scirocco R,vol_sci_r_10_ai_074,3B 16 BC 88
Volkswagen Scirocco R,vol_sci_r_10_ai_148,6D 7C 25 69
Hidden - Unused - Placeholder - Test,,
Dodge Charger SRT-8 Police Interceptor,NULL,5E E3 BF 29
"Ford Taurus Police Interceptor ""DA-FUZZ""",NULL,77 BB 1F 4F
"Lamborghini Miura SV ""Rival""",NULL,DE C7 BA 70
McLaren F1,NULL,30 A4 FB A2
"McLaren MP4-12C ""MACCA""",NULL,0A 92 03 CE
McLaren MP4-12C,NULL,89 5C 79 08
"Nissan R32 GT-R ""Eddie""",NULL,07 08 DF 95
Nissan GT-R V-Spec,NULL,07 E6 B3 00
Porsche 911 Carrera 4S,NULL,BE 01 8A 22
"Porsche 911 GT2 ""R W""",NULL,C5 03 A8 D7
"Toyota Supra ""Placeholder""",NULL,05 EE 6A B8
Dodge Charger SRT-8 Taxi,NULL,28 7A 66 93
"Nissan 240ZG ""Coeur de Valerie""",NULL,29 D2 CE 60
Porsche Cayenne Turbo,NULL,8B 5C D2 6F
Porsche 911 Carrera S (991),por_991_s_12_demo,9A 65 E3 66
Porsche 911 GT2 (993),por_993_gt2_96_e3,8A 96 3A 36
Toyota Supra Chris Rado Stock,toy_sup_rad_98,18 A0 CA 29
Nissan GT-R (R35) SpecV,300_mph_test_car,7E 69 4A AC
Audi R8 V10 5.2 FSI quattro,aud_r8_v10_10_test_rainbow,6E AE 20 46
Test Paint Car,test_paint_car,BD B1 D3 5A
Test Sphere Car 1,test_sphere_car_1,2F BA FE 08
Aston Martin One-77 ,ast_one_77_10,19 33 A8 5B
Aston Martin V12 Vantage,ast_van_v12_10,A0 4C 18 C0
Audi R8 V10 5.2 FSI quattro,aud_r8_v10_10,B2 AD 13 4F
Audi RS4,aud_rs4_stk_08,EB F7 9E 0D
Audi RS4,aud_rs4_stk_08_car_crusher,D1 CB C2 47
Audi Quattro 20V,aud_ur_qua_91,BF 4C AC 14
BMW 1 Series M Coupé,bmw_1m_cou_11,26 60 18 3F
BMW M3 Sport Evolution,bmw_m3_e30_90,12 32 6B 5C
BMW M3 GTS (E92),bmw_m3_gts_10,56 2E 51 5B
BMW M3 GTS (E92) - Signature Edition,bmw_m3_gts_10_pp_run_garage_car,CB 4C 7C 45
BMW M3 GTS (E92),bmw_m3_gts_10_stock,5C 39 0C BF
BMW Z4 GT3,bmw_z4_gt3_11,C1 51 93 59
Bugatti Veyron 16.4 Super Sport,bug_vey_ss_10,F0 3E A9 ED
Chevrolet Camaro SS (1967),che_cam_ss_67,E5 21 6D 68
Chevrolet Camaro ZL1,che_cam_zl1_13,2D 06 A8 6D
Chevrolet Camaro ZL1 - NFS Edition,che_cam_zl1_13_pp_run_garage_car,EE AA A3 A6
Chevrolet El Camino SS,che_el_cam_70,A1 56 67 E1
Chevrolet Corvette Z06 Carbon Limited Edition,che_vet_cbn_10,75 23 80 A0
Dodge Challenger R/T,dod_cha_rt_71,59 43 9F D9
Dodge Challenger SRT-8,dod_cha_srt_08,98 2D FB 96
Ford Focus RS,for_foc_rs_10,A2 DF 5F EB
Ford Focus RS - NFS Edition,for_foc_rs_10_pp_run,85 C8 E0 5E
Ford GT,for_gt_stk_06,FC 44 E7 AD
Ford Mustang Boss 302 (1969),for_mus_302_69,E0 78 5E 9D
Ford Mustang Boss 302,for_mus_bos_12,FB A3 67 A4
Ford Mustang RTR,for_mus_rtr_12,B6 0C 9C 9A
Ford Mustang RXR-X (1969),for_rtr_x_69,05 F2 DE 5F
Gumpert Apollo S,gum_apo_s_11,8E 07 DC 0D
Heynessey Venom GT,hen_ven_gt_11,A8 3C 53 57
Koenigsegg Agera R,koe_age_r_11,BE F9 93 15
Lamborghini Aventador LP 700-4,lam_ave_700_12,B9 33 A6 09
Lamborghini Countach 500 quattrovalvole,lam_cou_qv_85,6C 1D E1 1E
Lamborghini Gallardo LP 550-2 Valentino Balboni,lam_gal_vb_10,1E AB 90 97
Lamborghini Miura SV,lam_miu_sv_71,98 9F 9B BF
Lamborghini Murciélago LP 670-4 SV,lam_mur_sv_10,7D D6 02 98
Lamborghini Sesto Elemento,lam_ses_ele_11,F9 EC 39 96
Lexus LF-A,lex_lfa_stk_10,AC 58 EF 24
Lotus Evora,lot_evo_stk_10,AC 0D 6F 33
Lotus Exige Cup 260,lot_exi_260_10,19 F9 D1 87
Mazda MX-5,maz_mx5_rht_09,31 09 AB F9
Mazda RX-7 RZ,maz_rx7_rz_98,E8 01 55 DD
McLaren F1,mcl_f1_stk_94,E0 65 D2 DC
McLaren MP4-12C,mcl_mp4_12c_12,6B 1A 56 C7
Mercedes-Benz SLS AMG,mer_sls_amg_10,E0 DC A8 87
Mitsubishi Lancer Evolution X,mit_evo_x_08,0B 16 27 EA
Nissan Fairlady 240ZG (S30),nis_240_zg_71,FC 13 81 6B
Nissan Fairlady 240ZG (S30) - NFS Edition,nis_240_zg_71_nfs_e,44 F7 F1 46
Nissan Fairlady 240ZG (S30) - NFS Edition,nis_240_zg_71_pp_run_garage_car,8B CA E1 99
Nissan 370Z (Z34),nis_370_z_09,CA 58 8C EA
Nissan Skyline GT-R (R32),nis_gtr_r32_91,99 81 2C 54
Nissan GT-R (R35),nis_gtr_r35_08,AD 15 F4 5A
Nissan Skyline 2000GT-R (C10),nis_gtr_stk_73,46 98 3E E5
Nissan GT-R SpecV (R35),nis_gtr_v_10,03 67 F1 B2
Nissan 200SX (S14),nis_s14_a_97,62 5F F6 53
Pagani Huayra,pag_hua_stk_11,C9 24 31 B6
Pagani Zonda Cinque,pag_zon_cin_10,46 40 E1 B9
Pontiac Firebird Formula,pon_fir_stk_78,64 7C 00 58
Porsche 911 Carrera 4S (997.2),por_911_c4s_11,2A 8B 0E AA
Porsche 918 RSR,por_918_rsr_11,54 EC FA CC
Porsche 911 Carrera S (991),por_991_s_12,6F 32 0C 5C
Porsche 911 Carrera S (991) - NFS Edition,por_991_s_12_pp_run_garage_car,CA C1 94 64
Porsche 911 GT2 (993),por_993_gt2_96,C9 2E CC 24
Porsche 911 GT2 (993) RWB,por_993_rwb_96,00 76 9F 16
Porsche Carrera GT,por_car_gt_08,D9 4C B9 32
Porsche 911 GT3 RS 4.0 (997),por_gt3_rs_10,29 98 38 80
Renault Sport Mégane RS,ren_meg_rs_10,46 01 3C 28
Shelby Cobra Daytona Coupe,she_day_cou_65,86 6D 7F CF
Ford Shelby GT500 Super Snake,she_mus_snk_12,DC D0 A1 65
Ford Shelby GT500 Super Snake - NFS Edition,she_mus_snk_12_pp_run_garage_car,09 3B 10 B2
Subaru Impreza WRX STi (Hatchback),sub_wrx_sti_09,A9 E2 81 AE
Toyota Corolla GTS (AE86),toy_cor_stk_86,C4 39 92 29
Toyota Supra,toy_sup_stk_98,44 B2 6A 5C
Volkswagen Golf GTI (Mk1),vol_gti_mk1_76,8C 6D 5D 6A
Volkswagen Scirocco R,vol_sci_r_10,70 EE 37 3F
Cop,,
Lamborghini Gallardo LP 550-2 Valentino Balboni Police,cop_car_gal_10,68 13 E7 E1
Lamborghini Gallardo LP 550-2 Valentino Balboni Police,cop_car_gal_10_fed,D8 FF BC 87
Ford PolIce Interceptor,cop_car_int_11,0E A1 92 CA
Nissan GT-R (R35) Police,cop_car_r35_08,7A 9C 6C 8F
Nissan GT-R (R35) Police,cop_car_r35_08_stock,81 7F E6 92
Dodge Charger SRT-8 Police,cop_dod_chr_07,CC 1F 27 8A
Dodge Charger SRT-8 Police,cop_dod_chr_07_fed,37 40 29 A5
Porsche Cayenne Turbo Police,cop_suv_cay_08,2C A2 3B C0
Ford PolIce Interceptor,for_pol_int_11,C2 30 71 9E
Ford PolIce Interceptor,for_pol_int_11_ai,F8 1E 05 81
Ford PolIce Interceptor,for_pol_int_11_cop,3A A1 4B EB
Ford PolIce Interceptor,for_pol_int_11_escape,50 A5 04 DF
Ford PolIce Interceptor,for_pol_int_11_fed,8E 25 E9 5C
Porsche Cayenne Turbo Police,trf_por_cay_08_cop,8E 8E DB 0E
Traffic,,
Audi A4 2.0T quattro (B7),trf_aud_a4_05,00 86 35 08
Audi A4 2.0T quattro (B7),trf_aud_a4_05_black,DD 7C 61 31
Audi A4 2.0T quattro (B7),trf_aud_a4_05_blue,4F 51 DD 1B
Audi A4 2.0T quattro (B7),trf_aud_a4_05_metallicgrey,81 D6 78 31
Audi A4 2.0T quattro (B7),trf_aud_a4_05_red,62 A4 69 3E
Audi A4 2.0T quattro (B7),trf_aud_a4_05_silver,AF 12 D8 F5
Audi A4 2.0T quattro (B7),trf_aud_a4_05_white,3F BF 51 C2
Highway Bus,trf_bus_hwy_10,2F BC 65 0D
Highway Bus,trf_bus_hwy_10_black,C3 F4 E5 57
Highway Bus,trf_bus_hwy_10_silver,91 2A 4E BE
Highway Bus,trf_bus_hwy_10_white,8B CC 4C AE
Cadillac CTS,trf_cad_cts_03,89 53 3E 7B
Cadillac CTS,trf_cad_cts_03_champagne,96 D8 94 B2
Cadillac CTS,trf_cad_cts_03_metallicblack,69 21 A8 9F
Cadillac CTS,trf_cad_cts_03_metallicburgundy,0B D1 68 4E
Cadillac CTS,trf_cad_cts_03_metallicgrey,BD 00 8A 49
Cadillac CTS,trf_cad_cts_03_silver,01 37 2A F5
Cadillac CTS,trf_cad_cts_03_white,76 C4 11 32
Chevrolet Cobalt LT,trf_che_cob_06,38 B0 58 12
Chevrolet Cobalt LT,trf_che_cob_06_black,84 CE 8C 65
Chevrolet Cobalt LT,trf_che_cob_06_champagne,2F 67 C4 91
Chevrolet Cobalt LT,trf_che_cob_06_green,EA 7B 9B E3
Chevrolet Cobalt LT,trf_che_cob_06_metallic_blue,61 24 C7 01
Chevrolet Cobalt LT,trf_che_cob_06_metallic_red,61 5A A7 20
Chevrolet Cobalt LT,trf_che_cob_06_silver,5B 11 F0 B0
Chevrolet Cobalt LT,trf_che_cob_06_white,C5 D8 2C 15
Dodge Caliber SXT,trf_dod_cal_07,77 1E 22 84
Dodge Caliber SXT,trf_dod_cal_07_black,17 08 98 43
Dodge Caliber SXT,trf_dod_cal_07_burgundy,46 ED C8 C1
Dodge Caliber SXT,trf_dod_cal_07_darkblue,E8 A5 F3 81
Dodge Caliber SXT,trf_dod_cal_07_metallic_light_blue,FC 2D 95 00
Dodge Caliber SXT,trf_dod_cal_07_metallicgrey,73 F9 90 13
Dodge Caliber SXT,trf_dod_cal_07_red,C7 A8 D5 12
Dodge Caliber SXT,trf_dod_cal_07_white,97 59 FF 15
Dodge Charger SRT8,trf_dod_chr_07,7D ED C5 80
Dodge Charger SRT8,trf_dod_chr_07_black,87 23 E2 D6
Dodge Charger SRT8,trf_dod_chr_07_blue,2D F9 D5 6B
Dodge Charger SRT8,trf_dod_chr_07_burgundy,BF 76 AA 45
Dodge Charger SRT8,trf_dod_chr_07_darkblue,03 36 C0 6D
Dodge Charger SRT8,trf_dod_chr_07_red,C6 A6 AC 1C
Dodge Charger SRT8,trf_dod_chr_07_silver,15 87 0F AD
Dodge Charger SRT8,trf_dod_chr_07_taxi,83 E0 DC 3A
Dodge Charger SRT8,trf_dod_chr_07_white,93 C4 BA 01
Dodge Charger SRT8,trf_dod_chr_08_taxi_wh,FF B9 9C DA
Dodge Grand Caravan SXT,trf_dod_cvn_08,FB EB 45 FF
Dodge Grand Caravan SXT,trf_dod_cvn_08_champagne,FC 88 C1 70
Dodge Grand Caravan SXT,trf_dod_cvn_08_cream,52 DD CD BC
Dodge Grand Caravan SXT,trf_dod_cvn_08_darkblue,81 B5 09 32
Dodge Grand Caravan SXT,trf_dod_cvn_08_green,07 03 6D 34
Dodge Grand Caravan SXT,trf_dod_cvn_08_metallicgrey,B8 E2 58 9C
Dodge Grand Caravan SXT,trf_dod_cvn_08_metalliclightblue,70 2E F4 E7
Dodge Grand Caravan SXT,trf_dod_cvn_08_silver,82 DF 94 EC
Dodge Magnum R/T (LX),trf_dod_mag_08,C6 C0 FB 67
Dodge Magnum R/T (LX),trf_dod_mag_08_black,FF 8D 90 63
Dodge Magnum R/T (LX),trf_dod_mag_08_darkblue,8A 53 54 26
Dodge Magnum R/T (LX),trf_dod_mag_08_metallicburgundy,58 84 3D 73
Dodge Magnum R/T (LX),trf_dod_mag_08_metallicdarkgrey,27 6E D0 CF
Dodge Magnum R/T (LX),trf_dod_mag_08_silver,0B 37 70 34
Dodge Ram 1500,trf_dod_ram_10,46 86 AB 73
Dodge Ram 1500,trf_dod_ram_10_black,03 4C 27 4F
Dodge Ram 1500,trf_dod_ram_10_blue,0E 27 90 2F
Dodge Ram 1500,trf_dod_ram_10_burgundy,44 D2 E0 EA
Dodge Ram 1500,trf_dod_ram_10_darkblue,F4 57 14 BC
Dodge Ram 1500,trf_dod_ram_10_green,2E 52 DF 69
Dodge Ram 1500,trf_dod_ram_10_red,8A A3 8C 60
Dodge Ram 1500,trf_dod_ram_10_silver,05 00 AF CA
Dodge Ram 1500,trf_dod_ram_10_white,39 06 CC 10
Ford Crown Victoria,trf_for_vic_05,EA 48 B7 C6
Ford Crown Victoria,trf_for_vic_05_1,1E 45 D4 DA
Ford Crown Victoria,trf_for_vis_05_ny_ai,C8 0D 98 C5
Generic Muscle Car,trf_gen_mus_08,AB 60 D7 85
Generic Muscle Car,trf_gen_mus_08_black,55 51 CC 11
Generic Muscle Car,trf_gen_mus_08_metallicgrey,5C C9 E4 D6
Generic Muscle Car,trf_gen_mus_08_red,BC FA B6 56
Generic Muscle Car,trf_gen_mus_08_white,D0 FF 50 32
Generic Muscle Car,trf_gen_mus_08_yellow,C8 59 E9 2F
Generic RV,trf_gen_rv_10,4C 5E AC 5F
Generic Tractor,trf_gen_tra_00,5F A5 A0 DC
GMC Topkick (C-Series),trf_gmc_top_10,BF A3 77 B4
GMC Topkick (C-Series),trf_gmc_top_10_black,F5 B0 38 D2
GMC Topkick (C-Series),trf_gmc_top_10_silver,7E 22 D2 04
GMC Topkick (C-Series),trf_gmc_top_10_white,26 ED B1 78
GMC Savana Cargo Van,trf_gmc_van_05,50 83 F8 48
GMC Savana Cargo Van,trf_gmc_van_05_black,91 ED 01 6F
GMC Savana Cargo Van,trf_gmc_van_05_darkblue,2B 51 20 0F
GMC Savana Cargo Van,trf_gmc_van_05_metallicgrey,AE 5D 50 92
GMC Savana Cargo Van,trf_gmc_van_05_mob,12 36 73 EE
GMC Savana Cargo Van,trf_gmc_van_05_white,D4 D0 93 E7
Infiniti G35,trf_inf_g35_03,28 E2 7A 13
Infiniti G35,trf_inf_g35_03_black,10 68 D8 46
Infiniti G35,trf_inf_g35_03_metallicblack,EC 02 E6 34
Infiniti G35,trf_inf_g35_03_metallicburgundy,61 E1 9B 85
Infiniti G35,trf_inf_g35_03_metallicdarkblue,7F 09 C8 94
Infiniti G35,trf_inf_g35_03_metallicgrey,90 AE 10 24
Infiniti G35,trf_inf_g35_03_red,BE D5 A5 BA
Infiniti G35,trf_inf_g35_03_silver,04 19 03 49
Infiniti G35,trf_inf_g35_03_white,94 AF 82 23
Nissan Frontier King Cab Pro 4X,trf_nis_fro_10,AB 39 01 28
Nissan Frontier King Cab Pro 4X,trf_nis_fro_10_black,73 98 E1 B8
Nissan Frontier King Cab Pro 4X,trf_nis_fro_10_darkblue,C1 B8 E2 67
Nissan Frontier King Cab Pro 4X,trf_nis_fro_10_darkgreen,FD 35 9B 50
Nissan Frontier King Cab Pro 4X,trf_nis_fro_10_silver,61 33 ED 10
Nissan Frontier King Cab Pro 4X,trf_nis_fro_10_white,FD 45 8E 5C
Nissan Versa,trf_nis_ver_10,76 58 0A 78
Nissan Versa,trf_nis_ver_10_blue,E1 75 36 CF
Nissan Versa,trf_nis_ver_10_darkblue,F3 58 F7 CD
Nissan Versa,trf_nis_ver_10_metallicburgundy,20 19 AC A6
Nissan Versa,trf_nis_ver_10_metallicgrey,FA 83 E9 FF
Nissan Versa,trf_nis_ver_10_red,69 2D BD 15
Nissan Versa,trf_nis_ver_10_silver,31 E0 A6 CF
Nissan Versa,trf_nis_ver_10_white,A8 08 36 2E
Porsche Cayenne Turbo,trf_por_cay_08,F5 45 E2 04
Porsche Cayenne Turbo,trf_por_cay_08_black,EE BE E9 36
Porsche Cayenne Turbo,trf_por_cay_08_burgundy,5D 24 84 C5
Porsche Cayenne Turbo,trf_por_cay_08_champagne,99 DF 0C 94
Porsche Cayenne Turbo,trf_por_cay_08_metallicblack,55 F2 44 77
Porsche Cayenne Turbo,trf_por_cay_08_metallicgrey,77 0D 17 E1
Porsche Cayenne Turbo,trf_por_cay_08_mob_ai,86 D5 13 2A
Porsche Cayenne Turbo,trf_por_cay_08_silver,BA 18 24 C3
Porsche Cayenne Turbo,trf_por_cay_08_white,0B 87 B7 DB
Generic Box Truck Old,trf_trk_box_95,30 E8 C8 BC
Generic Box Truck Old,trf_trk_box_95_black,FF F2 5B BC
Generic Box Truck Old,trf_trk_box_95_burgundy,BD 6F 1F 8C
Generic Box Truck Old,trf_trk_box_95_metallicgrey,3C A5 2A 82
Generic Box Truck Old,trf_trk_box_95_silver,81 29 9E 17
Generic Box Truck Old,trf_trk_box_95_white,E5 EF 4B 0D
Generic Flat Truck New,trf_trk_fla_10,4E 37 5A A6
Generic Flat Truck New,trf_trk_fla_10_black,58 58 31 DA
Generic Flat Truck New,trf_trk_fla_10_burgundy,94 4F AF 20
Generic Flat Truck New,trf_trk_fla_10_darkblue,45 93 38 48
Generic Flat Truck New,trf_trk_fla_10_metallicdarkgrey,5B 3D 20 D1
Generic Flat Truck New,trf_trk_fla_10_silver,A2 0D 82 5F
Generic Flat Truck New,trf_trk_fla_10_white,BB 48 9B BD
Generic Semi Truck New,trf_trk_sem_10,5C B5 55 4E
Generic Tanker Truck New,trf_trk_tan_10,A0 E3 C6 AF
Generic Tanker Truck New,trf_trk_tan_10_black,AD 2B 15 AD
Generic Tanker Truck New,trf_trk_tan_10_metallicdarkblue,CF 96 09 91
Generic Tanker Truck New,trf_trk_tan_10_shell,57 5D 04 78
Generic Tanker Truck New,trf_trk_tan_10_silver,2E 26 9B DD
Generic Tanker Truck New,trf_trk_tan_10_white,F2 B9 C0 75
Italian Pack,,
Alfa Romeo 8C Competizione - NFS Edition,ALF_8C_COM_09_NFS_E,22 D0 B5 01
Alfa Romeo 8C Competizione - Signature Edition,ALF_8C_COM_09_PP_RARE,7A B9 84 16
Alfa Romeo 8C Competizione,ALF_8C_COM_09_PP_STOCK_1,2F F0 52 BD
Alfa Romeo 8C Competizione,ALF_8C_COM_09_PP_STOCK_2,E8 88 38 45
Alfa Romeo 8C Competizione,ALF_8C_COM_09_PP_STOCK_3,98 00 B3 50
Alfa Romeo 8C Competizione,ALF_8C_COM_09_PP_STOCK_4,66 18 0F 21
Alfa Romeo 8C Competizione,ALF_8C_COM_09_PP_STOCK_5,CA 83 C3 FF
Alfa Romeo 8C Competizione,ALF_8C_COM_09_PP_STOCK_6,F6 4E 78 14
Alfa Romeo 8C Competizione - Circuit Racer Pack,ALF_8C_COM_09_PP1V1,7F 94 4F 43
Alfa Romeo 8C Competizione - Circuit Racer Pack,ALF_8C_COM_09_PP1V2,B3 6B E5 A3
Alfa Romeo 8C Competizione - Circuit Racer Pack,ALF_8C_COM_09_PP1V3,53 40 05 5E
Alfa Romeo 8C Competizione - Circuit Racer Pack,ALF_8C_COM_09_PP1V4,01 A1 B7 AE
Alfa Romeo 8C Competizione - Circuit Racer Pack,ALF_8C_COM_09_PP1V5,79 1B 87 20
Alfa Romeo 8C Competizione - Circuit Racer Pack,ALF_8C_COM_09_PP1V6,00 69 8C 53
Lancia Delta Integrale HF - NFS Edition,LAN_DEL_INT_93_NFS_E,DA 91 B1 51
Lancia Delta Integrale HF - Signature Edition,LAN_DEL_INT_93_PP_RARE,BB C6 1E 93
Lancia Delta Integrale HF,LAN_DEL_INT_93_PP_STOCK_1,59 B0 4B 65
Lancia Delta Integrale HF,LAN_DEL_INT_93_PP_STOCK_2,F4 BC D5 FF
Lancia Delta Integrale HF,LAN_DEL_INT_93_PP_STOCK_3,BF 12 29 76
Lancia Delta Integrale HF,LAN_DEL_INT_93_PP_STOCK_4,6A 9F 5D 8C
Lancia Delta Integrale HF,LAN_DEL_INT_93_PP_STOCK_5,5F 45 E8 C8
Lancia Delta Integrale HF,LAN_DEL_INT_93_PP_STOCK_6,99 54 BE C0
Lancia Delta Integrale HF - Rally Pack,LAN_DEL_INT_93_PP1V1,07 31 AD 2E
Lancia Delta Integrale HF - Rally Pack,LAN_DEL_INT_93_PP1V2,3C 44 E6 79
Lancia Delta Integrale HF - Rally Pack,LAN_DEL_INT_93_PP1V3,FE D3 BD FC
Lancia Delta Integrale HF - Rally Pack,LAN_DEL_INT_93_PP1V4,7D 4A 87 58
Lancia Delta Integrale HF - Rally Pack,LAN_DEL_INT_93_PP1V5,68 06 D9 6A
Lancia Delta Integrale HF - Rally Pack,LAN_DEL_INT_93_PP1V6,47 81 FE 6F
Lamborghini Diablo SV - NFS Edition,LAM_DIA_SV_95_NFS_E,D2 FC 9E 9E
Lamborghini Diablo SV - Signature Edition,LAM_DIA_SV_95_PP_RARE,A9 B2 37 C4
Lamborghini Diablo SV,LAM_DIA_SV_95_PP_STOCK_1,23 A3 45 A2
Lamborghini Diablo SV,LAM_DIA_SV_95_PP_STOCK_2,04 C4 BA 2F
Lamborghini Diablo SV,LAM_DIA_SV_95_PP_STOCK_3,97 CE B7 23
Lamborghini Diablo SV,LAM_DIA_SV_95_PP_STOCK_4,D0 D5 05 62
Lamborghini Diablo SV,LAM_DIA_SV_95_PP_STOCK_5,96 F4 7E 85
Lamborghini Diablo SV,LAM_DIA_SV_95_PP_STOCK_6,D0 51 4E 8A
Lamborghini Diablo SV - Retro Racer Pack,LAM_DIA_SV_95_PP1V1,06 88 B9 95
Lamborghini Diablo SV - Retro Racer Pack,LAM_DIA_SV_95_PP1V2,4E 7A 8A 24
Lamborghini Diablo SV - Retro Racer Pack,LAM_DIA_SV_95_PP1V3,AB FF FD 83
Lamborghini Diablo SV - Retro Racer Pack,LAM_DIA_SV_95_PP1V4,CC 7C 2F 14
Lamborghini Diablo SV - Retro Racer Pack,LAM_DIA_SV_95_PP1V5,97 A8 BF 60
Lamborghini Diablo SV - Retro Racer Pack,LAM_DIA_SV_95_PP1V6,72 77 6E 20
Lamborghini Gallardo LP 570-4 Superleggera - Signature Edition,LAM_GAL_SPL_10_PP_RARE,89 FD FE 16
Lamborghini Gallardo LP 570-4 Superleggera,LAM_GAL_SPL_10_PP_STOCK_1,BF 1F 3A C6
Lamborghini Gallardo LP 570-4 Superleggera,LAM_GAL_SPL_10_PP_STOCK_2,5E 5D 10 27
Lamborghini Gallardo LP 570-4 Superleggera,LAM_GAL_SPL_10_PP_STOCK_3,80 25 53 87
Lamborghini Gallardo LP 570-4 Superleggera,LAM_GAL_SPL_10_PP_STOCK_4,16 21 58 FC
Lamborghini Gallardo LP 570-4 Superleggera,LAM_GAL_SPL_10_PP_STOCK_5,03 81 EB 29
Lamborghini Gallardo LP 570-4 Superleggera,LAM_GAL_SPL_10_PP_STOCK_6,AD 5A 31 55
Lamborghini Gallardo LP 570-4 Superleggera - Style Pack 1,LAM_GAL_SPL_10_PP1V1,33 FB C6 10
Lamborghini Gallardo LP 570-4 Superleggera - Style Pack 1,LAM_GAL_SPL_10_PP1V2,9A 25 15 42
Lamborghini Gallardo LP 570-4 Superleggera - Style Pack 1,LAM_GAL_SPL_10_PP1V3,FA 3B 6D 2B
Lamborghini Gallardo LP 570-4 Superleggera - Style Pack 1,LAM_GAL_SPL_10_PP1V4,12 09 BB D6
Lamborghini Gallardo LP 570-4 Superleggera - Style Pack 1,LAM_GAL_SPL_10_PP1V5,BE 8B 80 5F
Lamborghini Gallardo LP 570-4 Superleggera - Style Pack 1,LAM_GAL_SPL_10_PP1V6,53 12 B6 69
Maserati GranTurismo MC Stradale - NFS Edition,MAS_GT_STR_12_NFS_E,2B 0B 19 85
Maserati GranTurismo MC Stradale,MAS_GT_STR_12_PP_STOCK_1,52 EF 18 AB
Maserati GranTurismo MC Stradale,MAS_GT_STR_12_PP_STOCK_2,18 6A 70 82
Maserati GranTurismo MC Stradale,MAS_GT_STR_12_PP_STOCK_3,B9 AF 36 06
Maserati GranTurismo MC Stradale,MAS_GT_STR_12_PP_STOCK_4,A4 75 F4 3F
Maserati GranTurismo MC Stradale,MAS_GT_STR_12_PP_STOCK_5,E2 CC 61 97
Maserati GranTurismo MC Stradale,MAS_GT_STR_12_PP_STOCK_6,02 86 EB 77
Maserati GranTurismo MC Stradale - Track Day Racer Pack,MAS_GT_STR_12_PP1V1,E9 29 63 5B
Maserati GranTurismo MC Stradale - Track Day Racer Pack,MAS_GT_STR_12_PP1V2,95 0F E2 91
Maserati GranTurismo MC Stradale - Track Day Racer Pack,MAS_GT_STR_12_PP1V3,31 45 BE B6
Maserati GranTurismo MC Stradale - Track Day Racer Pack,MAS_GT_STR_12_PP1V4,E8 5E 93 94
Maserati GranTurismo MC Stradale - Track Day Racer Pack,MAS_GT_STR_12_PP1V5,4B 5C 54 22
Maserati GranTurismo MC Stradale - Track Day Racer Pack,MAS_GT_STR_12_PP1V6,1F CE F1 33
Maserati MC12,MAS_MC_STR_05_PP_STOCK_1,69 07 53 34
Maserati MC12 - Style Pack 1,MAS_MC_STR_05_PP1V1,79 46 FE 44
Maserati MC12 - Style Pack 1,MAS_MC_STR_05_PP1V2,01 7E D0 D8
Maserati MC12 - Style Pack 1,MAS_MC_STR_05_PP1V3,21 2A 48 38
Maserati MC12 - Style Pack 1,MAS_MC_STR_05_PP1V4,05 C0 A6 6A
Maserati MC12 - Style Pack 1,MAS_MC_STR_05_PP1V5,50 9E 50 6C
Maserati MC12 - Style Pack 1,MAS_MC_STR_05_PP1V6,C2 4D 09 4A
Pagani Zonda R,PAG_ZON_R_09_PP_STOCK_1,DB 15 C3 5F
Pagani Zonda R,PAG_ZON_R_09_PP_STOCK_2,5B FC 57 43
Pagani Zonda R,PAG_ZON_R_09_PP_STOCK_3,03 5F E2 F6
Pagani Zonda R,PAG_ZON_R_09_PP_STOCK_4,67 EE B7 83
Pagani Zonda R,PAG_ZON_R_09_PP_STOCK_5,0E B7 4E CB
Pagani Zonda R,PAG_ZON_R_09_PP_STOCK_6,FF EF 07 78
Pagani Zonda R - Aero Pack,PAG_ZON_R_09_PP1V1,45 FF 97 FC
Pagani Zonda R - Aero Pack,PAG_ZON_R_09_PP1V2,D1 13 51 BF
Pagani Zonda R - Aero Pack,PAG_ZON_R_09_PP1V3,B2 C2 73 D4
Pagani Zonda R - Aero Pack,PAG_ZON_R_09_PP1V4,ED D3 B4 5B
Pagani Zonda R - Aero Pack,PAG_ZON_R_09_PP1V5,A0 FB 84 3E
Pagani Zonda R - Aero Pack,PAG_ZON_R_09_PP1V6,7E 06 14 58
Console Autolog Exclusive,,
"Aston Martin V12 Vantage ""Lightweight""",AST_VAN_V12_10_PP_RARE_1,4B E2 71 54
"Audi Quattro 20V ""Hill Climber""",AUD_UR_QUA_91_PP_RARE_1,1A 30 DD 68
"Dodge Challenger R/T ""Vanish""",DOD_CHA_RT_71_PP_RARE_1,54 E0 AC 69
"Dodge Challenger SRT8 ""Sinister""",DOD_CHA_SRT_08_PP_RARE_1,D0 7C 3F 24
"Mazda MX-5 ""T Prime""",MAZ_MX5_RHT_09_PP_RARE_1,D4 46 F6 E1
"Mitsubishi Lancer Evolution X ""Busuto""",MIT_EVO_X_08_PP_RARE_1,87 79 40 20
"Porsche 911 GT2 ""Strade""",POR_993_GT2_96_PP_RARE_1,6B CB 83 26
"Ford Shelby GT500 Super Snake ""1200 BHP""",SHE_MUS_SNK_12_PP_RARE_1,0E 58 30 20
Console Update Exclusive,,
"Lamborghini Miura SV ""Rival""",LAM_MIU_SV_71_RIVAL_1,70 BA C7 DE
"Toyota Supra ""Marketing 2""",TOY_SUP_STK_98_MARKETING_2,39 D2 33 B0
Placeholder Italian Pack,,
N/A,N/A,E8 7C DB 3A
N/A,N/A,25 53 25 36
N/A,N/A,09 90 14 0C
N/A,N/A,76 3B 54 72
N/A,N/A,42 2F 38 94
N/A,N/A,31 16 62 73
N/A,N/A,B3 51 94 4D